Fecha,Agrupación de canales predeterminada,Número de vistas de página
28 may 2018,Social,5
28 may 2018,Organic Search,301
28 may 2018,Direct,185
28 may 2018,Referral,17
29 may 2018,Direct,381
29 may 2018,Social,58
29 may 2018,Referral,33
29 may 2018,Organic Search,535
30 may 2018,Social,45
30 may 2018,Direct,287
30 may 2018,Organic Search,631
30 may 2018,Referral,37
31 may 2018,Organic Search,613
31 may 2018,Referral,15
31 may 2018,Direct,829
31 may 2018,Social,32
1 jun 2018,Organic Search,526
1 jun 2018,Direct,548
1 jun 2018,Social,101
1 jun 2018,Referral,18
2 jun 2018,Organic Search,419
2 jun 2018,Social,241
2 jun 2018,Referral,9
2 jun 2018,Direct,221
3 jun 2018,Social,108
3 jun 2018,Direct,178
3 jun 2018,Organic Search,262
3 jun 2018,Referral,13
4 jun 2018,Direct,558
4 jun 2018,Referral,17
4 jun 2018,Social,91
4 jun 2018,Organic Search,704
5 jun 2018,Organic Search,744
5 jun 2018,Social,122
5 jun 2018,Direct,441
5 jun 2018,Referral,81
6 jun 2018,Referral,27
6 jun 2018,Direct,329
6 jun 2018,Organic Search,571
6 jun 2018,Social,59
7 jun 2018,Referral,34
7 jun 2018,Direct,354
7 jun 2018,Social,17
7 jun 2018,Organic Search,641
8 jun 2018,Referral,33
8 jun 2018,Social,53
8 jun 2018,Organic Search,537
8 jun 2018,Direct,307
9 jun 2018,Social,15
9 jun 2018,Direct,283
9 jun 2018,Organic Search,482
9 jun 2018,Referral,27
10 jun 2018,Social,28
10 jun 2018,Referral,14
10 jun 2018,Organic Search,332
10 jun 2018,Direct,145
11 jun 2018,Social,133
11 jun 2018,Organic Search,964
11 jun 2018,Direct,580
11 jun 2018,Referral,65
12 jun 2018,Social,115
12 jun 2018,Direct,932
12 jun 2018,Organic Search,1308
12 jun 2018,Referral,159
13 jun 2018,Organic Search,1517
13 jun 2018,Referral,135
13 jun 2018,Direct,565
13 jun 2018,Social,49
14 jun 2018,Direct,272
14 jun 2018,Referral,46
14 jun 2018,Organic Search,665
14 jun 2018,Social,56
15 jun 2018,Direct,195
15 jun 2018,Referral,17
15 jun 2018,Organic Search,496
15 jun 2018,Social,37
16 jun 2018,Social,19
16 jun 2018,Referral,7
16 jun 2018,Direct,89
16 jun 2018,Organic Search,147
17 jun 2018,Social,10
17 jun 2018,Referral,32
17 jun 2018,Direct,48
17 jun 2018,Organic Search,227
18 jun 2018,Referral,4
18 jun 2018,Direct,215
18 jun 2018,Social,35
18 jun 2018,Organic Search,727
19 jun 2018,Direct,181
19 jun 2018,Social,78
19 jun 2018,Organic Search,572
19 jun 2018,Referral,30
20 jun 2018,Social,14
20 jun 2018,Organic Search,396
20 jun 2018,Referral,23
20 jun 2018,Direct,125
21 jun 2018,Social,65
21 jun 2018,Referral,13
21 jun 2018,Organic Search,423
21 jun 2018,Direct,197
22 jun 2018,Organic Search,431
22 jun 2018,Social,39
22 jun 2018,Direct,250
22 jun 2018,Referral,9
23 jun 2018,Organic Search,210
23 jun 2018,Referral,5
23 jun 2018,Social,9
23 jun 2018,Direct,132
24 jun 2018,Direct,66
24 jun 2018,Organic Search,301
24 jun 2018,Referral,12
24 jun 2018,Social,9
25 jun 2018,Social,5
25 jun 2018,Direct,143
25 jun 2018,Referral,21
25 jun 2018,Organic Search,565
26 jun 2018,Organic Search,553
26 jun 2018,Social,25
26 jun 2018,Direct,180
26 jun 2018,Referral,29
27 jun 2018,Organic Search,548
27 jun 2018,Direct,224
27 jun 2018,Social,59
27 jun 2018,Referral,18
28 jun 2018,Direct,187
28 jun 2018,Social,64
28 jun 2018,Referral,13
28 jun 2018,Organic Search,559
29 jun 2018,Referral,16
29 jun 2018,Social,42
29 jun 2018,Organic Search,596
29 jun 2018,Direct,173
30 jun 2018,Referral,5
30 jun 2018,Direct,80
30 jun 2018,Social,15
30 jun 2018,Organic Search,267
1 jul 2018,Referral,48
1 jul 2018,Direct,79
1 jul 2018,Organic Search,257
1 jul 2018,Social,24
2 jul 2018,Direct,225
2 jul 2018,Referral,25
2 jul 2018,Organic Search,619
2 jul 2018,Social,192
3 jul 2018,Social,80
3 jul 2018,Referral,16
3 jul 2018,Organic Search,574
3 jul 2018,Direct,242
4 jul 2018,Direct,184
4 jul 2018,Referral,44
4 jul 2018,Social,80
4 jul 2018,Organic Search,667
5 jul 2018,Social,100
5 jul 2018,Referral,33
5 jul 2018,Direct,218
5 jul 2018,Organic Search,597
6 jul 2018,Referral,26
6 jul 2018,Direct,338
6 jul 2018,Social,33
6 jul 2018,Organic Search,446
7 jul 2018,Direct,114
7 jul 2018,Organic Search,270
7 jul 2018,Social,25
7 jul 2018,Referral,37
8 jul 2018,Direct,100
8 jul 2018,Referral,18
8 jul 2018,Social,19
8 jul 2018,Organic Search,236
9 jul 2018,Direct,149
9 jul 2018,Organic Search,324
9 jul 2018,Social,6
9 jul 2018,Referral,19
10 jul 2018,Social,5
10 jul 2018,Organic Search,470
10 jul 2018,Direct,156
10 jul 2018,Referral,13
11 jul 2018,Referral,32
11 jul 2018,Direct,117
11 jul 2018,Organic Search,376
12 jul 2018,Direct,114
12 jul 2018,Referral,18
12 jul 2018,Social,14
12 jul 2018,Organic Search,369
13 jul 2018,Direct,116
13 jul 2018,Referral,35
13 jul 2018,Organic Search,254
14 jul 2018,Organic Search,244
14 jul 2018,Social,11
14 jul 2018,Direct,138
14 jul 2018,Referral,10
15 jul 2018,Referral,3
15 jul 2018,Social,1
15 jul 2018,Organic Search,219
15 jul 2018,Direct,77
16 jul 2018,Social,7
16 jul 2018,Organic Search,360
16 jul 2018,Direct,146
16 jul 2018,Referral,15
17 jul 2018,Direct,163
17 jul 2018,Referral,14
17 jul 2018,Social,2
17 jul 2018,Organic Search,336
18 jul 2018,Social,8
18 jul 2018,Organic Search,376
18 jul 2018,Direct,130
18 jul 2018,Referral,34
19 jul 2018,Organic Search,333
19 jul 2018,Direct,161
19 jul 2018,Social,1
19 jul 2018,Referral,11
20 jul 2018,Referral,18
20 jul 2018,Social,5
20 jul 2018,Organic Search,239
20 jul 2018,Direct,85
21 jul 2018,Organic Search,203
21 jul 2018,Social,1
21 jul 2018,Direct,61
21 jul 2018,Referral,14
22 jul 2018,Social,2
22 jul 2018,Organic Search,282
22 jul 2018,Direct,81
22 jul 2018,Referral,11
23 jul 2018,Direct,211
23 jul 2018,Referral,25
23 jul 2018,Organic Search,587
23 jul 2018,Social,51
24 jul 2018,Social,38
24 jul 2018,Direct,245
24 jul 2018,Organic Search,668
24 jul 2018,Referral,36
25 jul 2018,Social,28
25 jul 2018,Organic Search,590
25 jul 2018,Referral,17
25 jul 2018,Direct,240
26 jul 2018,Organic Search,716
26 jul 2018,Direct,244
26 jul 2018,Referral,29
26 jul 2018,Social,10
27 jul 2018,Organic Search,658
27 jul 2018,Social,140
27 jul 2018,Direct,314
27 jul 2018,Referral,29
28 jul 2018,Referral,5
28 jul 2018,Organic Search,297
28 jul 2018,Social,61
28 jul 2018,Direct,90
29 jul 2018,Organic Search,305
29 jul 2018,Direct,74
29 jul 2018,Referral,10
29 jul 2018,Social,11
30 jul 2018,Social,393
30 jul 2018,Organic Search,856
30 jul 2018,Referral,40
30 jul 2018,Direct,251
31 jul 2018,Social,162
31 jul 2018,Organic Search,762
31 jul 2018,Referral,45
31 jul 2018,Direct,278
1 ago 2018,Referral,14
1 ago 2018,Social,145
1 ago 2018,Direct,265
1 ago 2018,Organic Search,592
2 ago 2018,Direct,287
2 ago 2018,Referral,21
2 ago 2018,Social,155
2 ago 2018,Organic Search,696
3 ago 2018,Referral,17
3 ago 2018,Organic Search,661
3 ago 2018,Direct,200
3 ago 2018,Social,44
4 ago 2018,Referral,5
4 ago 2018,Direct,115
4 ago 2018,Organic Search,251
4 ago 2018,Social,37
5 ago 2018,Social,22
5 ago 2018,Referral,32
5 ago 2018,Direct,90
5 ago 2018,Organic Search,304
6 ago 2018,Organic Search,788
6 ago 2018,Referral,20
6 ago 2018,Social,50
6 ago 2018,Direct,238
7 ago 2018,Social,72
7 ago 2018,Referral,20
7 ago 2018,Direct,348
7 ago 2018,Organic Search,836
8 ago 2018,Referral,34
8 ago 2018,Organic Search,730
8 ago 2018,Direct,227
8 ago 2018,Social,88
9 ago 2018,Direct,157
9 ago 2018,Organic Search,717
9 ago 2018,Social,85
9 ago 2018,Referral,19
10 ago 2018,Referral,32
10 ago 2018,Direct,177
10 ago 2018,Social,40
10 ago 2018,Organic Search,562
11 ago 2018,Social,9
11 ago 2018,Organic Search,277
11 ago 2018,Direct,108
11 ago 2018,Referral,13
12 ago 2018,Social,9
12 ago 2018,Referral,20
12 ago 2018,Organic Search,332
12 ago 2018,Direct,87
13 ago 2018,Direct,328
13 ago 2018,Social,37
13 ago 2018,Organic Search,943
13 ago 2018,Referral,24
14 ago 2018,Organic Search,776
14 ago 2018,Referral,66
14 ago 2018,Direct,355
14 ago 2018,Social,34
15 ago 2018,Referral,19
15 ago 2018,Direct,246
15 ago 2018,Social,54
15 ago 2018,Organic Search,739
16 ago 2018,Social,283
16 ago 2018,Referral,33
16 ago 2018,Organic Search,720
16 ago 2018,Direct,616
17 ago 2018,Social,148
17 ago 2018,Referral,34
17 ago 2018,Direct,205
17 ago 2018,Organic Search,471
18 ago 2018,Organic Search,220
18 ago 2018,Social,66
18 ago 2018,Direct,77
18 ago 2018,Referral,10
19 ago 2018,Social,41
19 ago 2018,Direct,105
19 ago 2018,Referral,1
19 ago 2018,Organic Search,314
20 ago 2018,Referral,19
20 ago 2018,Social,46
20 ago 2018,Direct,133
20 ago 2018,Organic Search,511
21 ago 2018,Direct,310
21 ago 2018,Organic Search,840
21 ago 2018,Referral,33
21 ago 2018,Social,117
22 ago 2018,Referral,40
22 ago 2018,Social,114
22 ago 2018,Direct,303
22 ago 2018,Organic Search,798
23 ago 2018,Referral,48
23 ago 2018,Direct,254
23 ago 2018,Social,34
23 ago 2018,Organic Search,881
24 ago 2018,Direct,258
24 ago 2018,Organic Search,812
24 ago 2018,Social,79
24 ago 2018,Referral,18
25 ago 2018,Social,43
25 ago 2018,Direct,187
25 ago 2018,Referral,42
25 ago 2018,Organic Search,362
26 ago 2018,Direct,138
26 ago 2018,Referral,16
26 ago 2018,Social,15
26 ago 2018,Organic Search,395
27 ago 2018,Social,92
27 ago 2018,Organic Search,846
27 ago 2018,Referral,31
27 ago 2018,Direct,327
28 ago 2018,Referral,26
28 ago 2018,Organic Search,788
28 ago 2018,Social,153
28 ago 2018,Direct,380
29 ago 2018,Social,24
29 ago 2018,Referral,12
29 ago 2018,Direct,226
29 ago 2018,Organic Search,733
30 ago 2018,Direct,225
30 ago 2018,Social,32
30 ago 2018,Referral,30
30 ago 2018,Organic Search,665
31 ago 2018,Referral,47
31 ago 2018,Social,96
31 ago 2018,Organic Search,627
31 ago 2018,Direct,262
1 sept 2018,Referral,21
1 sept 2018,Social,20
1 sept 2018,Direct,87
1 sept 2018,Organic Search,315
2 sept 2018,Direct,101
2 sept 2018,Social,15
2 sept 2018,Referral,7
2 sept 2018,Organic Search,433
3 sept 2018,Social,99
3 sept 2018,Referral,15
3 sept 2018,Organic Search,744
3 sept 2018,Direct,222
4 sept 2018,Direct,258
4 sept 2018,Referral,37
4 sept 2018,Social,70
4 sept 2018,Organic Search,615
5 sept 2018,Referral,21
5 sept 2018,Direct,177
5 sept 2018,Social,57
5 sept 2018,Organic Search,707
6 sept 2018,Organic Search,560
6 sept 2018,Social,90
6 sept 2018,Direct,252
6 sept 2018,Referral,44
7 sept 2018,Direct,222
7 sept 2018,Social,390
7 sept 2018,Referral,24
7 sept 2018,Organic Search,562
8 sept 2018,Direct,92
8 sept 2018,Organic Search,248
8 sept 2018,Social,90
8 sept 2018,Referral,6
9 sept 2018,Social,8
9 sept 2018,Direct,32
9 sept 2018,Organic Search,85
9 sept 2018,Referral,11
10 sept 2018,Social,85
10 sept 2018,Direct,201
10 sept 2018,Organic Search,694
10 sept 2018,Referral,21
11 sept 2018,Direct,330
11 sept 2018,Organic Search,758
11 sept 2018,Referral,48
11 sept 2018,Social,95
12 sept 2018,Referral,25
12 sept 2018,Direct,219
12 sept 2018,Organic Search,667
12 sept 2018,Social,99
13 sept 2018,Referral,26
13 sept 2018,Organic Search,566
13 sept 2018,Direct,159
13 sept 2018,Social,98
14 sept 2018,Direct,161
14 sept 2018,Referral,18
14 sept 2018,Social,89
14 sept 2018,Organic Search,582
15 sept 2018,Referral,3
15 sept 2018,Direct,91
15 sept 2018,Organic Search,331
15 sept 2018,Social,10
16 sept 2018,Referral,7
16 sept 2018,Direct,88
16 sept 2018,Organic Search,318
16 sept 2018,Social,27
17 sept 2018,Referral,32
17 sept 2018,Direct,229
17 sept 2018,Social,171
17 sept 2018,Organic Search,732
18 sept 2018,Social,405
18 sept 2018,Organic Search,689
18 sept 2018,Direct,165
18 sept 2018,Referral,19
19 sept 2018,Referral,11
19 sept 2018,Organic Search,663
19 sept 2018,Social,234
19 sept 2018,Direct,188
20 sept 2018,Referral,10
20 sept 2018,Direct,149
20 sept 2018,Organic Search,602
20 sept 2018,Social,125
21 sept 2018,Organic Search,466
21 sept 2018,Direct,135
21 sept 2018,Referral,17
21 sept 2018,Social,215
22 sept 2018,Referral,11
22 sept 2018,Organic Search,245
22 sept 2018,Direct,93
22 sept 2018,Social,145
23 sept 2018,Referral,18
23 sept 2018,Social,57
23 sept 2018,Organic Search,250
23 sept 2018,Direct,91
24 sept 2018,Organic Search,686
24 sept 2018,Social,118
24 sept 2018,Direct,156
24 sept 2018,Referral,18
25 sept 2018,Social,77
25 sept 2018,Referral,8
25 sept 2018,Organic Search,633
25 sept 2018,Direct,173
26 sept 2018,Social,99
26 sept 2018,Organic Search,758
26 sept 2018,Referral,42
26 sept 2018,Direct,161
27 sept 2018,Direct,139
27 sept 2018,Social,74
27 sept 2018,Referral,14
27 sept 2018,Organic Search,695
28 sept 2018,Social,72
28 sept 2018,Organic Search,554
28 sept 2018,Direct,141
28 sept 2018,Referral,8
29 sept 2018,Organic Search,240
29 sept 2018,Social,7
29 sept 2018,Referral,5
29 sept 2018,Direct,69
30 sept 2018,Organic Search,415
30 sept 2018,Social,33
30 sept 2018,Referral,33
30 sept 2018,Direct,75
1 oct 2018,Referral,26
1 oct 2018,Social,83
1 oct 2018,Direct,200
1 oct 2018,Organic Search,864
2 oct 2018,Direct,214
2 oct 2018,Referral,36
2 oct 2018,Social,61
2 oct 2018,Organic Search,731
3 oct 2018,Referral,32
3 oct 2018,Social,37
3 oct 2018,Organic Search,829
3 oct 2018,Direct,246
4 oct 2018,Referral,9
4 oct 2018,Social,55
4 oct 2018,Organic Search,656
4 oct 2018,Direct,186
5 oct 2018,Social,29
5 oct 2018,Organic Search,526
5 oct 2018,Referral,25
5 oct 2018,Direct,120
6 oct 2018,Direct,71
6 oct 2018,Social,6
6 oct 2018,Referral,16
6 oct 2018,Organic Search,376
7 oct 2018,Direct,91
7 oct 2018,Referral,9
7 oct 2018,Organic Search,446
7 oct 2018,Social,3
8 oct 2018,Referral,35
8 oct 2018,Social,85
8 oct 2018,Direct,185
8 oct 2018,Organic Search,853
9 oct 2018,Referral,27
9 oct 2018,Social,40
9 oct 2018,Direct,148
9 oct 2018,Organic Search,827
10 oct 2018,Referral,25
10 oct 2018,Direct,138
10 oct 2018,Organic Search,870
10 oct 2018,Social,185
11 oct 2018,Referral,28
11 oct 2018,Social,99
11 oct 2018,Organic Search,743
11 oct 2018,Direct,158
12 oct 2018,Referral,29
12 oct 2018,Direct,126
12 oct 2018,Organic Search,569
12 oct 2018,Social,54
13 oct 2018,Organic Search,367
13 oct 2018,Social,12
13 oct 2018,Direct,84
13 oct 2018,Referral,9
14 oct 2018,Referral,16
14 oct 2018,Direct,68
14 oct 2018,Social,6
14 oct 2018,Organic Search,334
15 oct 2018,Direct,136
15 oct 2018,Organic Search,640
15 oct 2018,Referral,21
15 oct 2018,Social,25
16 oct 2018,Direct,202
16 oct 2018,Referral,52
16 oct 2018,Social,103
16 oct 2018,Organic Search,890
17 oct 2018,Organic Search,903
17 oct 2018,Direct,157
17 oct 2018,Referral,37
17 oct 2018,Social,86
18 oct 2018,Organic Search,789
18 oct 2018,Direct,176
18 oct 2018,Referral,30
18 oct 2018,Social,79
19 oct 2018,Social,181
19 oct 2018,Referral,25
19 oct 2018,Direct,147
19 oct 2018,Organic Search,646
20 oct 2018,Referral,12
20 oct 2018,Direct,74
20 oct 2018,Organic Search,303
20 oct 2018,Social,34
21 oct 2018,Social,27
21 oct 2018,Organic Search,366
21 oct 2018,Referral,17
21 oct 2018,Direct,98
22 oct 2018,Direct,175
22 oct 2018,Social,88
22 oct 2018,Referral,29
22 oct 2018,Organic Search,1049
23 oct 2018,Referral,31
23 oct 2018,Organic Search,817
23 oct 2018,Social,86
23 oct 2018,Direct,184
24 oct 2018,Referral,26
24 oct 2018,Social,26
24 oct 2018,Direct,222
24 oct 2018,Organic Search,761
25 oct 2018,Organic Search,812
25 oct 2018,Social,145
25 oct 2018,Direct,231
25 oct 2018,Referral,34
26 oct 2018,Referral,22
26 oct 2018,Social,141
26 oct 2018,Direct,267
26 oct 2018,Organic Search,812
27 oct 2018,Referral,9
27 oct 2018,Direct,69
27 oct 2018,Social,35
27 oct 2018,Organic Search,386
28 oct 2018,Social,30
28 oct 2018,Direct,84
28 oct 2018,Referral,21
28 oct 2018,Organic Search,414
29 oct 2018,Social,199
29 oct 2018,Organic Search,945
29 oct 2018,Referral,37
29 oct 2018,Direct,358
30 oct 2018,Organic Search,854
30 oct 2018,Referral,36
30 oct 2018,Social,41
30 oct 2018,Direct,221
31 oct 2018,Organic Search,625
31 oct 2018,Social,40
31 oct 2018,Direct,111
31 oct 2018,Referral,11
1 nov 2018,Direct,219
1 nov 2018,Social,55
1 nov 2018,Organic Search,997
1 nov 2018,Referral,32
2 nov 2018,Organic Search,831
2 nov 2018,Direct,183
2 nov 2018,Referral,32
2 nov 2018,Social,32
3 nov 2018,Referral,9
3 nov 2018,Direct,73
3 nov 2018,Social,2
3 nov 2018,Organic Search,502
4 nov 2018,Social,7
4 nov 2018,Direct,113
4 nov 2018,Referral,13
4 nov 2018,Organic Search,590
5 nov 2018,Direct,153
5 nov 2018,Organic Search,1078
5 nov 2018,Social,67
5 nov 2018,Referral,26
6 nov 2018,Referral,54
6 nov 2018,Social,103
6 nov 2018,Direct,211
6 nov 2018,Organic Search,867
7 nov 2018,Organic Search,747
7 nov 2018,Direct,202
7 nov 2018,Social,36
7 nov 2018,Referral,41
8 nov 2018,Direct,128
8 nov 2018,Organic Search,811
8 nov 2018,Social,63
8 nov 2018,Referral,29
9 nov 2018,Organic Search,730
9 nov 2018,Social,81
9 nov 2018,Referral,26
9 nov 2018,Direct,212
10 nov 2018,Social,18
10 nov 2018,Referral,24
10 nov 2018,Organic Search,385
10 nov 2018,Direct,70
11 nov 2018,Organic Search,474
11 nov 2018,Direct,79
11 nov 2018,Social,17
11 nov 2018,Referral,27
12 nov 2018,Social,27
12 nov 2018,Direct,161
12 nov 2018,Organic Search,1039
12 nov 2018,Referral,31
13 nov 2018,Direct,137
13 nov 2018,Referral,34
13 nov 2018,Organic Search,866
13 nov 2018,Social,15
14 nov 2018,Referral,21
14 nov 2018,Social,10
14 nov 2018,Organic Search,775
14 nov 2018,Direct,155
15 nov 2018,Referral,43
15 nov 2018,Organic Search,797
15 nov 2018,Direct,148
15 nov 2018,Social,57
16 nov 2018,Referral,29
16 nov 2018,Direct,119
16 nov 2018,Social,21
16 nov 2018,Organic Search,754
17 nov 2018,Organic Search,456
17 nov 2018,Social,6
17 nov 2018,Referral,9
17 nov 2018,Direct,60
18 nov 2018,Organic Search,429
18 nov 2018,Referral,21
18 nov 2018,Direct,64
18 nov 2018,Social,6
19 nov 2018,Organic Search,617
19 nov 2018,Referral,23
19 nov 2018,Direct,111
19 nov 2018,Social,19
20 nov 2018,Organic Search,1264
20 nov 2018,Direct,295
20 nov 2018,Referral,24
20 nov 2018,Social,261
21 nov 2018,Social,180
21 nov 2018,Direct,177
21 nov 2018,Referral,56
21 nov 2018,Organic Search,1026
22 nov 2018,Direct,261
22 nov 2018,Social,158
22 nov 2018,Referral,37
22 nov 2018,Organic Search,981
23 nov 2018,Direct,219
23 nov 2018,Referral,26
23 nov 2018,Organic Search,670
23 nov 2018,Social,139
24 nov 2018,Organic Search,387
24 nov 2018,Direct,63
24 nov 2018,Referral,11
24 nov 2018,Social,43
25 nov 2018,Referral,15
25 nov 2018,Social,34
25 nov 2018,Organic Search,397
25 nov 2018,Direct,67
26 nov 2018,Direct,139
26 nov 2018,Organic Search,866
26 nov 2018,Social,47
26 nov 2018,Referral,34
27 nov 2018,Organic Search,1038
27 nov 2018,Direct,166
27 nov 2018,Referral,28
27 nov 2018,Social,36
28 nov 2018,Direct,300
28 nov 2018,Referral,36
28 nov 2018,Organic Search,895
28 nov 2018,Social,56
29 nov 2018,Organic Search,873
29 nov 2018,Referral,34
29 nov 2018,Direct,173
29 nov 2018,Social,114
30 nov 2018,Organic Search,651
30 nov 2018,Referral,29
30 nov 2018,Direct,154
30 nov 2018,Social,40
1 dic 2018,Organic Search,328
1 dic 2018,Social,18
1 dic 2018,Direct,75
1 dic 2018,Referral,13
2 dic 2018,Direct,53
2 dic 2018,Organic Search,460
2 dic 2018,Social,29
2 dic 2018,Referral,17
3 dic 2018,Social,76
3 dic 2018,Organic Search,1054
3 dic 2018,Direct,189
3 dic 2018,Referral,29
4 dic 2018,Referral,70
4 dic 2018,Direct,255
4 dic 2018,Organic Search,1016
4 dic 2018,Social,108
5 dic 2018,Organic Search,954
5 dic 2018,Direct,208
5 dic 2018,Social,47
5 dic 2018,Referral,37
6 dic 2018,Organic Search,880
6 dic 2018,Social,41
6 dic 2018,Referral,21
6 dic 2018,Direct,129
7 dic 2018,Organic Search,628
7 dic 2018,Referral,16
7 dic 2018,Direct,108
7 dic 2018,Social,7
8 dic 2018,Direct,56
8 dic 2018,Referral,10
8 dic 2018,Social,12
8 dic 2018,Organic Search,349
9 dic 2018,Social,9
9 dic 2018,Direct,77
9 dic 2018,Referral,4
9 dic 2018,Organic Search,413
10 dic 2018,Direct,198
10 dic 2018,Social,72
10 dic 2018,Referral,17
10 dic 2018,Organic Search,943
11 dic 2018,Organic Search,883
11 dic 2018,Direct,217
11 dic 2018,Referral,13
11 dic 2018,Social,65
12 dic 2018,Social,73
12 dic 2018,Referral,19
12 dic 2018,Organic Search,849
12 dic 2018,Direct,223
13 dic 2018,Social,70
13 dic 2018,Referral,30
13 dic 2018,Organic Search,692
13 dic 2018,Direct,206
14 dic 2018,Referral,39
14 dic 2018,Direct,257
14 dic 2018,Social,212
14 dic 2018,Organic Search,759
15 dic 2018,Direct,108
15 dic 2018,Referral,28
15 dic 2018,Social,40
15 dic 2018,Organic Search,304
16 dic 2018,Direct,117
16 dic 2018,Referral,19
16 dic 2018,Organic Search,390
16 dic 2018,Social,32
17 dic 2018,Referral,15
17 dic 2018,Direct,226
17 dic 2018,Social,106
17 dic 2018,Organic Search,979
18 dic 2018,Organic Search,793
18 dic 2018,Referral,40
18 dic 2018,Social,118
18 dic 2018,Direct,279
19 dic 2018,Direct,181
19 dic 2018,Referral,13
19 dic 2018,Social,71
19 dic 2018,Organic Search,842
20 dic 2018,Organic Search,665
20 dic 2018,Social,454
20 dic 2018,Direct,199
20 dic 2018,Referral,26
21 dic 2018,Organic Search,509
21 dic 2018,Referral,14
21 dic 2018,Direct,170
21 dic 2018,Email,3
21 dic 2018,Social,136
22 dic 2018,Direct,112
22 dic 2018,Referral,13
22 dic 2018,Social,63
22 dic 2018,Organic Search,233
23 dic 2018,Direct,54
23 dic 2018,Social,31
23 dic 2018,Organic Search,180
23 dic 2018,Referral,1
24 dic 2018,Direct,34
24 dic 2018,Social,16
24 dic 2018,Referral,9
24 dic 2018,Organic Search,167
25 dic 2018,Social,20
25 dic 2018,Organic Search,202
25 dic 2018,Direct,45
25 dic 2018,Referral,8
26 dic 2018,Organic Search,416
26 dic 2018,Referral,16
26 dic 2018,Direct,81
26 dic 2018,Email,1
26 dic 2018,Social,12
27 dic 2018,Referral,20
27 dic 2018,Direct,65
27 dic 2018,Organic Search,405
27 dic 2018,Social,12
28 dic 2018,Referral,3
28 dic 2018,Social,11
28 dic 2018,Direct,76
28 dic 2018,Organic Search,389
29 dic 2018,Referral,4
29 dic 2018,Social,10
29 dic 2018,Organic Search,233
29 dic 2018,Direct,74
30 dic 2018,Organic Search,196
30 dic 2018,Social,10
30 dic 2018,Referral,8
30 dic 2018,Direct,61
31 dic 2018,Social,2
31 dic 2018,Referral,1
31 dic 2018,Organic Search,175
31 dic 2018,Direct,29
1 ene 2019,Direct,33
1 ene 2019,Referral,1
1 ene 2019,Organic Search,172
1 ene 2019,Social,1
2 ene 2019,Organic Search,468
2 ene 2019,Referral,11
2 ene 2019,Social,6
2 ene 2019,Direct,88
3 ene 2019,Organic Search,435
3 ene 2019,Referral,16
3 ene 2019,Social,6
3 ene 2019,Direct,134
4 ene 2019,Referral,13
4 ene 2019,Direct,97
4 ene 2019,Organic Search,330
4 ene 2019,Social,32
5 ene 2019,Social,11
5 ene 2019,Direct,53
5 ene 2019,Organic Search,291
5 ene 2019,Referral,6
6 ene 2019,Referral,11
6 ene 2019,Organic Search,418
6 ene 2019,Direct,69
6 ene 2019,Social,11
7 ene 2019,Organic Search,525
7 ene 2019,Direct,87
7 ene 2019,Social,15
7 ene 2019,Referral,20
8 ene 2019,Organic Search,567
8 ene 2019,Direct,96
8 ene 2019,Referral,18
8 ene 2019,Social,20
9 ene 2019,Direct,66
9 ene 2019,Referral,12
9 ene 2019,Social,11
9 ene 2019,Organic Search,478
10 ene 2019,Referral,41
10 ene 2019,Social,32
10 ene 2019,Direct,108
10 ene 2019,Organic Search,487
11 ene 2019,Social,9
11 ene 2019,Referral,8
11 ene 2019,Direct,86
11 ene 2019,Organic Search,376
12 ene 2019,Organic Search,360
12 ene 2019,Referral,8
12 ene 2019,Social,8
12 ene 2019,Direct,49
13 ene 2019,Direct,45
13 ene 2019,Social,19
13 ene 2019,Referral,12
13 ene 2019,Organic Search,240
14 ene 2019,Direct,161
14 ene 2019,Social,7
14 ene 2019,Referral,7
14 ene 2019,Organic Search,559
15 ene 2019,Organic Search,569
15 ene 2019,Direct,112
15 ene 2019,Referral,26
15 ene 2019,Social,15
16 ene 2019,Direct,109
16 ene 2019,Organic Search,579
16 ene 2019,Referral,27
16 ene 2019,Social,22
17 ene 2019,Organic Search,405
17 ene 2019,Direct,113
17 ene 2019,Social,12
17 ene 2019,Referral,16
18 ene 2019,Organic Search,427
18 ene 2019,Referral,21
18 ene 2019,Direct,138
18 ene 2019,Social,5
19 ene 2019,Organic Search,330
19 ene 2019,Social,19
19 ene 2019,Referral,14
19 ene 2019,Direct,76
20 ene 2019,Social,2
20 ene 2019,Organic Search,372
20 ene 2019,Referral,16
20 ene 2019,Direct,96
21 ene 2019,Organic Search,620
21 ene 2019,Social,10
21 ene 2019,Direct,129
21 ene 2019,Referral,45
22 ene 2019,Social,10
22 ene 2019,Referral,16
22 ene 2019,Direct,123
22 ene 2019,Organic Search,537
23 ene 2019,Social,3
23 ene 2019,Organic Search,421
23 ene 2019,Direct,120
23 ene 2019,Referral,21
24 ene 2019,Social,8
24 ene 2019,Organic Search,541
24 ene 2019,Direct,95
24 ene 2019,Referral,14
25 ene 2019,Social,5
25 ene 2019,Referral,11
25 ene 2019,Organic Search,509
25 ene 2019,Direct,82
26 ene 2019,Direct,81
26 ene 2019,Organic Search,322
26 ene 2019,Referral,13
26 ene 2019,Social,28
27 ene 2019,Organic Search,344
27 ene 2019,Referral,4
27 ene 2019,Social,4
27 ene 2019,Direct,58
28 ene 2019,Direct,203
28 ene 2019,Social,14
28 ene 2019,Organic Search,738
28 ene 2019,Referral,15
29 ene 2019,Social,4
29 ene 2019,Organic Search,691
29 ene 2019,Referral,18
29 ene 2019,Direct,139
30 ene 2019,Organic Search,726
30 ene 2019,Social,5
30 ene 2019,Direct,129
30 ene 2019,Referral,6
31 ene 2019,Direct,126
31 ene 2019,Organic Search,501
31 ene 2019,Referral,10
31 ene 2019,Social,3
1 feb 2019,Referral,8
1 feb 2019,Organic Search,635
1 feb 2019,Direct,114
1 feb 2019,Social,8
2 feb 2019,Referral,10
2 feb 2019,Social,2
2 feb 2019,Direct,58
2 feb 2019,Organic Search,446
3 feb 2019,Direct,116
3 feb 2019,Organic Search,500
3 feb 2019,Referral,4
3 feb 2019,Social,27
4 feb 2019,Direct,267
4 feb 2019,Referral,20
4 feb 2019,Organic Search,1370
4 feb 2019,Social,23
5 feb 2019,Referral,45
5 feb 2019,Organic Search,991
5 feb 2019,Social,59
5 feb 2019,Direct,299
6 feb 2019,Social,19
6 feb 2019,Organic Search,1600
6 feb 2019,Referral,21
6 feb 2019,Direct,423
7 feb 2019,Organic Search,2061
7 feb 2019,Direct,483
7 feb 2019,Social,25
7 feb 2019,Referral,63
8 feb 2019,Referral,20
8 feb 2019,Organic Search,1363
8 feb 2019,Direct,309
8 feb 2019,Social,23
9 feb 2019,Referral,13
9 feb 2019,Social,9
9 feb 2019,Organic Search,541
9 feb 2019,Direct,91
10 feb 2019,Organic Search,815
10 feb 2019,Direct,182
10 feb 2019,Social,7
10 feb 2019,Referral,22
11 feb 2019,Organic Search,1401
11 feb 2019,Social,214
11 feb 2019,Direct,414
11 feb 2019,Referral,68
12 feb 2019,Social,200
12 feb 2019,Organic Search,1287
12 feb 2019,Referral,46
12 feb 2019,Direct,366
13 feb 2019,Direct,296
13 feb 2019,Organic Search,1105
13 feb 2019,Social,260
13 feb 2019,Referral,28
14 feb 2019,Organic Search,1042
14 feb 2019,Social,512
14 feb 2019,Direct,316
14 feb 2019,Referral,28
15 feb 2019,Referral,21
15 feb 2019,Organic Search,1337
15 feb 2019,Social,101
15 feb 2019,Direct,227
16 feb 2019,Social,38
16 feb 2019,Organic Search,805
16 feb 2019,Direct,186
16 feb 2019,Referral,11
17 feb 2019,Organic Search,944
17 feb 2019,Referral,9
17 feb 2019,Social,24
17 feb 2019,Direct,188
18 feb 2019,Social,137
18 feb 2019,Direct,276
18 feb 2019,Organic Search,1142
18 feb 2019,Referral,45
19 feb 2019,Social,186
19 feb 2019,Organic Search,1074
19 feb 2019,Direct,328
19 feb 2019,Referral,10
20 feb 2019,Social,99
20 feb 2019,Organic Search,946
20 feb 2019,Referral,23
20 feb 2019,Direct,259
21 feb 2019,Social,193
21 feb 2019,Organic Search,779
21 feb 2019,Referral,27
21 feb 2019,Direct,260
22 feb 2019,Organic Search,880
22 feb 2019,Referral,26
22 feb 2019,Direct,210
22 feb 2019,Social,178
23 feb 2019,Referral,10
23 feb 2019,Organic Search,382
23 feb 2019,Social,74
23 feb 2019,Direct,73
24 feb 2019,Social,71
24 feb 2019,Direct,84
24 feb 2019,Referral,15
24 feb 2019,Organic Search,567
25 feb 2019,Referral,30
25 feb 2019,Direct,248
25 feb 2019,Organic Search,1141
25 feb 2019,Social,129
26 feb 2019,Social,170
26 feb 2019,Referral,36
26 feb 2019,Direct,310
26 feb 2019,Organic Search,886
27 feb 2019,Direct,380
27 feb 2019,Social,153
27 feb 2019,Referral,75
27 feb 2019,Organic Search,972
28 feb 2019,Direct,200
28 feb 2019,Referral,31
28 feb 2019,Social,69
28 feb 2019,Organic Search,977
1 mar 2019,Direct,214
1 mar 2019,Organic Search,664
1 mar 2019,Referral,19
1 mar 2019,Social,84
2 mar 2019,Referral,9
2 mar 2019,Organic Search,431
2 mar 2019,Social,14
2 mar 2019,Direct,92
3 mar 2019,Direct,57
3 mar 2019,Referral,25
3 mar 2019,Social,6
3 mar 2019,Organic Search,356
4 mar 2019,Referral,14
4 mar 2019,Organic Search,458
4 mar 2019,Social,8
4 mar 2019,Direct,107
5 mar 2019,Direct,167
5 mar 2019,Social,22
5 mar 2019,Organic Search,602
5 mar 2019,Referral,30
6 mar 2019,Organic Search,804
6 mar 2019,Referral,28
6 mar 2019,Social,69
6 mar 2019,Direct,224
7 mar 2019,Social,79
7 mar 2019,Organic Search,805
7 mar 2019,Referral,31
7 mar 2019,Direct,196
8 mar 2019,Direct,142
8 mar 2019,Organic Search,539
8 mar 2019,Referral,16
8 mar 2019,Social,86
9 mar 2019,Organic Search,393
9 mar 2019,Direct,104
9 mar 2019,Social,32
9 mar 2019,Referral,5
10 mar 2019,Direct,79
10 mar 2019,Organic Search,342
10 mar 2019,Referral,5
10 mar 2019,Social,33
11 mar 2019,Organic Search,1003
11 mar 2019,Social,826
11 mar 2019,Direct,533
11 mar 2019,Referral,24
12 mar 2019,Organic Search,1041
12 mar 2019,Social,338
12 mar 2019,Direct,429
12 mar 2019,Referral,18
13 mar 2019,Social,132
13 mar 2019,Direct,260
13 mar 2019,Organic Search,847
13 mar 2019,Referral,27
14 mar 2019,Referral,51
14 mar 2019,Organic Search,839
14 mar 2019,Direct,229
14 mar 2019,Social,116
15 mar 2019,Referral,16
15 mar 2019,Organic Search,707
15 mar 2019,Direct,216
15 mar 2019,Social,99
16 mar 2019,Direct,77
16 mar 2019,Organic Search,309
16 mar 2019,Social,37
16 mar 2019,Referral,17
17 mar 2019,Social,38
17 mar 2019,Referral,15
17 mar 2019,Direct,95
17 mar 2019,Organic Search,426
18 mar 2019,Direct,205
18 mar 2019,Referral,25
18 mar 2019,Organic Search,722
18 mar 2019,Social,161
19 mar 2019,Organic Search,612
19 mar 2019,Social,31
19 mar 2019,Direct,111
19 mar 2019,Referral,18
20 mar 2019,Social,47
20 mar 2019,Direct,272
20 mar 2019,Organic Search,922
20 mar 2019,Referral,42
21 mar 2019,Social,111
21 mar 2019,Organic Search,787
21 mar 2019,Direct,225
21 mar 2019,Referral,37
22 mar 2019,Direct,195
22 mar 2019,Organic Search,588
22 mar 2019,Social,56
22 mar 2019,Referral,16
23 mar 2019,Social,30
23 mar 2019,Referral,13
23 mar 2019,Organic Search,331
23 mar 2019,Direct,62
24 mar 2019,Referral,8
24 mar 2019,Social,31
24 mar 2019,Direct,70
24 mar 2019,Organic Search,351
25 mar 2019,Direct,229
25 mar 2019,Organic Search,869
25 mar 2019,Social,238
25 mar 2019,Referral,46
26 mar 2019,Social,136
26 mar 2019,Direct,307
26 mar 2019,Referral,32
26 mar 2019,Organic Search,823
27 mar 2019,Referral,47
27 mar 2019,Organic Search,766
27 mar 2019,Social,99
27 mar 2019,Direct,198
28 mar 2019,Referral,22
28 mar 2019,Direct,243
28 mar 2019,Social,197
28 mar 2019,Organic Search,627
29 mar 2019,Social,104
29 mar 2019,Direct,173
29 mar 2019,Organic Search,595
29 mar 2019,Referral,34
30 mar 2019,Direct,62
30 mar 2019,Social,40
30 mar 2019,Referral,11
30 mar 2019,Organic Search,388
31 mar 2019,Referral,8
31 mar 2019,Social,53
31 mar 2019,Organic Search,402
31 mar 2019,Direct,75
1 abr 2019,Organic Search,711
1 abr 2019,Referral,15
1 abr 2019,Social,60
1 abr 2019,Direct,179
2 abr 2019,Social,17
2 abr 2019,Referral,15
2 abr 2019,Organic Search,537
2 abr 2019,Direct,106
3 abr 2019,Social,51
3 abr 2019,Direct,183
3 abr 2019,Referral,36
3 abr 2019,Organic Search,753
4 abr 2019,Social,190
4 abr 2019,Organic Search,706
4 abr 2019,Referral,22
4 abr 2019,Direct,126
5 abr 2019,Social,74
5 abr 2019,Referral,11
5 abr 2019,Direct,151
5 abr 2019,Organic Search,582
6 abr 2019,Referral,13
6 abr 2019,Organic Search,309
6 abr 2019,Social,21
6 abr 2019,Direct,79
7 abr 2019,Direct,93
7 abr 2019,Social,45
7 abr 2019,Organic Search,264
7 abr 2019,Referral,10
8 abr 2019,Organic Search,719
8 abr 2019,Direct,122
8 abr 2019,Social,22
8 abr 2019,Referral,17
9 abr 2019,Organic Search,578
9 abr 2019,Referral,43
9 abr 2019,Direct,141
9 abr 2019,Social,29
10 abr 2019,Direct,189
10 abr 2019,Referral,47
10 abr 2019,Social,20
10 abr 2019,Organic Search,639
11 abr 2019,Referral,9
11 abr 2019,Organic Search,694
11 abr 2019,Direct,180
11 abr 2019,Social,124
12 abr 2019,Organic Search,427
12 abr 2019,Social,23
12 abr 2019,Referral,38
12 abr 2019,Direct,222
13 abr 2019,Direct,107
13 abr 2019,Social,33
13 abr 2019,Organic Search,326
13 abr 2019,Referral,7
14 abr 2019,Organic Search,309
14 abr 2019,Referral,9
14 abr 2019,Direct,62
14 abr 2019,Social,16
15 abr 2019,Direct,163
15 abr 2019,Social,60
15 abr 2019,Referral,27
15 abr 2019,Organic Search,661
16 abr 2019,Organic Search,641
16 abr 2019,Referral,51
16 abr 2019,Social,91
16 abr 2019,Direct,118
17 abr 2019,Direct,85
17 abr 2019,Organic Search,422
17 abr 2019,Referral,9
17 abr 2019,Social,45
18 abr 2019,Organic Search,110
18 abr 2019,Social,14
18 abr 2019,Direct,30
19 abr 2019,Organic Search,242
19 abr 2019,Social,19
19 abr 2019,Referral,5
19 abr 2019,Direct,89
20 abr 2019,Referral,12
20 abr 2019,Organic Search,205
20 abr 2019,Social,16
20 abr 2019,Direct,43
21 abr 2019,Referral,6
21 abr 2019,Social,4
21 abr 2019,Direct,69
21 abr 2019,Organic Search,273
22 abr 2019,Direct,158
22 abr 2019,Referral,11
22 abr 2019,Social,44
22 abr 2019,Organic Search,672
23 abr 2019,Social,6
23 abr 2019,Organic Search,637
23 abr 2019,Direct,122
23 abr 2019,Referral,16
24 abr 2019,Referral,24
24 abr 2019,Direct,123
24 abr 2019,Social,9
24 abr 2019,Organic Search,664
25 abr 2019,Organic Search,641
25 abr 2019,Direct,146
25 abr 2019,Social,257
25 abr 2019,Referral,32
26 abr 2019,Organic Search,568
26 abr 2019,Direct,191
26 abr 2019,Social,774
26 abr 2019,Referral,18
27 abr 2019,Referral,23
27 abr 2019,Organic Search,254
27 abr 2019,Direct,105
27 abr 2019,Social,208
28 abr 2019,Referral,7
28 abr 2019,Social,97
28 abr 2019,Organic Search,283
28 abr 2019,Direct,89
29 abr 2019,Referral,20
29 abr 2019,Direct,174
29 abr 2019,Social,308
29 abr 2019,Organic Search,573
30 abr 2019,Organic Search,438
30 abr 2019,Direct,115
30 abr 2019,Social,108
30 abr 2019,Referral,5
1 may 2019,Organic Search,285
1 may 2019,Social,37
1 may 2019,Direct,98
1 may 2019,Referral,9
2 may 2019,Direct,170
2 may 2019,Referral,15
2 may 2019,Social,41
2 may 2019,Organic Search,555
3 may 2019,Social,318
3 may 2019,Referral,13
3 may 2019,Direct,126
3 may 2019,Organic Search,561
4 may 2019,Referral,11
4 may 2019,Organic Search,231
4 may 2019,Social,62
4 may 2019,Direct,62
5 may 2019,Organic Search,289
5 may 2019,Direct,79
5 may 2019,Social,39
5 may 2019,Referral,32
6 may 2019,Social,574
6 may 2019,Referral,27
6 may 2019,Direct,198
6 may 2019,Organic Search,703
7 may 2019,Organic Search,597
7 may 2019,Social,381
7 may 2019,Direct,426
7 may 2019,Referral,48
8 may 2019,Organic Search,558
8 may 2019,Direct,148
8 may 2019,Referral,31
8 may 2019,Social,168
9 may 2019,Organic Search,507
9 may 2019,Referral,27
9 may 2019,Direct,150
9 may 2019,Social,111
10 may 2019,Direct,116
10 may 2019,Organic Search,480
10 may 2019,Referral,19
10 may 2019,Social,90
11 may 2019,Direct,77
11 may 2019,Social,23
11 may 2019,Organic Search,296
11 may 2019,Referral,16
12 may 2019,Social,25
12 may 2019,Organic Search,257
12 may 2019,Referral,18
12 may 2019,Direct,50
13 may 2019,Referral,18
13 may 2019,Direct,203
13 may 2019,Social,273
13 may 2019,Organic Search,619
14 may 2019,Social,45
14 may 2019,Direct,108
14 may 2019,Referral,34
14 may 2019,Organic Search,507
15 may 2019,Direct,145
15 may 2019,Organic Search,496
15 may 2019,Social,62
15 may 2019,Referral,25
16 may 2019,Organic Search,470
16 may 2019,Direct,142
16 may 2019,Referral,23
16 may 2019,Social,36
17 may 2019,Direct,126
17 may 2019,Organic Search,474
17 may 2019,Referral,25
17 may 2019,Social,69
18 may 2019,Referral,12
18 may 2019,Social,19
18 may 2019,Direct,243
18 may 2019,Organic Search,282
19 may 2019,Social,17
19 may 2019,Direct,95
19 may 2019,Referral,22
19 may 2019,Organic Search,294
20 may 2019,Social,78
20 may 2019,Referral,10
20 may 2019,Organic Search,641
20 may 2019,Direct,262
21 may 2019,Referral,21
21 may 2019,Organic Search,763
21 may 2019,Social,95
21 may 2019,Direct,153
22 may 2019,Social,76
22 may 2019,Direct,85
22 may 2019,Referral,27
22 may 2019,Organic Search,591
23 may 2019,Direct,142
23 may 2019,Social,10
23 may 2019,Organic Search,524
23 may 2019,Referral,15
24 may 2019,Organic Search,512
24 may 2019,Referral,14
24 may 2019,Direct,105
24 may 2019,Social,24
25 may 2019,Direct,39
25 may 2019,Social,7
25 may 2019,Organic Search,239
25 may 2019,Referral,6
26 may 2019,Referral,25
26 may 2019,Direct,68
26 may 2019,Social,11
26 may 2019,Organic Search,266
27 may 2019,Social,13
27 may 2019,Direct,128
27 may 2019,Referral,35
27 may 2019,Organic Search,658
28 may 2019,Direct,149
28 may 2019,Referral,19
28 may 2019,Social,11
28 may 2019,Organic Search,642
29 may 2019,Direct,85
29 may 2019,Referral,15
29 may 2019,Organic Search,431
29 may 2019,Social,13
30 may 2019,Referral,25
30 may 2019,Organic Search,550
30 may 2019,Direct,138
30 may 2019,Social,9
31 may 2019,Social,14
31 may 2019,Referral,17
31 may 2019,Direct,196
31 may 2019,Organic Search,463
1 jun 2019,Organic Search,221
1 jun 2019,Referral,9
1 jun 2019,Direct,60
1 jun 2019,Social,3
2 jun 2019,Organic Search,255
2 jun 2019,Referral,37
2 jun 2019,Social,1
2 jun 2019,Direct,29
3 jun 2019,Organic Search,541
3 jun 2019,Direct,92
3 jun 2019,Social,10
3 jun 2019,Referral,30
4 jun 2019,Organic Search,511
4 jun 2019,Direct,137
4 jun 2019,Referral,18
4 jun 2019,Social,39
5 jun 2019,Social,16
5 jun 2019,Direct,120
5 jun 2019,Referral,9
5 jun 2019,Organic Search,572
6 jun 2019,Social,16
6 jun 2019,Referral,11
6 jun 2019,Direct,103
6 jun 2019,Organic Search,436
7 jun 2019,Organic Search,499
7 jun 2019,Social,23
7 jun 2019,Referral,9
7 jun 2019,Direct,93
8 jun 2019,Referral,9
8 jun 2019,Organic Search,248
8 jun 2019,Direct,57
8 jun 2019,Social,7
9 jun 2019,Organic Search,274
9 jun 2019,Referral,7
9 jun 2019,Direct,67
9 jun 2019,Social,2
10 jun 2019,Organic Search,555
10 jun 2019,Referral,50
10 jun 2019,Direct,129
10 jun 2019,Social,18
11 jun 2019,Social,22
11 jun 2019,Referral,33
11 jun 2019,Organic Search,521
11 jun 2019,Direct,144
12 jun 2019,Referral,33
12 jun 2019,Social,19
12 jun 2019,Direct,204
12 jun 2019,Organic Search,581
13 jun 2019,Social,24
13 jun 2019,Referral,25
13 jun 2019,Direct,184
13 jun 2019,Organic Search,536
14 jun 2019,Social,58
14 jun 2019,Referral,20
14 jun 2019,Organic Search,574
14 jun 2019,Direct,129
15 jun 2019,Direct,44
15 jun 2019,Social,8
15 jun 2019,Organic Search,251
15 jun 2019,Referral,11
16 jun 2019,Social,12
16 jun 2019,Direct,51
16 jun 2019,Referral,9
16 jun 2019,Organic Search,224
17 jun 2019,Direct,96
17 jun 2019,Organic Search,395
17 jun 2019,Referral,8
17 jun 2019,Social,17
18 jun 2019,Referral,22
18 jun 2019,Direct,201
18 jun 2019,Organic Search,670
18 jun 2019,Social,17
19 jun 2019,Referral,35
19 jun 2019,Organic Search,632
19 jun 2019,Social,21
19 jun 2019,Direct,216
20 jun 2019,Referral,16
20 jun 2019,Social,5
20 jun 2019,Organic Search,381
20 jun 2019,Direct,134
21 jun 2019,Referral,37
21 jun 2019,Direct,152
21 jun 2019,Organic Search,527
21 jun 2019,Social,20
22 jun 2019,Social,6
22 jun 2019,Organic Search,256
22 jun 2019,Direct,67
22 jun 2019,Referral,5
23 jun 2019,Social,3
23 jun 2019,Direct,42
23 jun 2019,Organic Search,421
23 jun 2019,Referral,17
24 jun 2019,Organic Search,692
24 jun 2019,Direct,194
24 jun 2019,Referral,38
24 jun 2019,Social,146
25 jun 2019,Social,47
25 jun 2019,Referral,13
25 jun 2019,Direct,309
25 jun 2019,Organic Search,766
26 jun 2019,Organic Search,631
26 jun 2019,Social,60
26 jun 2019,Direct,201
26 jun 2019,Referral,12
27 jun 2019,Social,36
27 jun 2019,Referral,40
27 jun 2019,Direct,134
27 jun 2019,Organic Search,573
28 jun 2019,Referral,39
28 jun 2019,Organic Search,507
28 jun 2019,Direct,150
28 jun 2019,Social,45
29 jun 2019,Direct,98
29 jun 2019,Social,25
29 jun 2019,Referral,17
29 jun 2019,Organic Search,219
30 jun 2019,Referral,14
30 jun 2019,Organic Search,285
30 jun 2019,Direct,65
30 jun 2019,Social,8
1 jul 2019,Social,184
1 jul 2019,Organic Search,654
1 jul 2019,Direct,117
1 jul 2019,Referral,23
2 jul 2019,Direct,91
2 jul 2019,Organic Search,589
2 jul 2019,Referral,16
2 jul 2019,Social,84
3 jul 2019,Organic Search,540
3 jul 2019,Direct,120
3 jul 2019,Social,80
3 jul 2019,Referral,23
4 jul 2019,Organic Search,509
4 jul 2019,Social,98
4 jul 2019,Direct,145
4 jul 2019,Referral,13
5 jul 2019,Organic Search,321
5 jul 2019,Social,40
5 jul 2019,Referral,23
5 jul 2019,Direct,139
6 jul 2019,Social,10
6 jul 2019,Referral,12
6 jul 2019,Direct,59
6 jul 2019,Organic Search,169
7 jul 2019,Direct,45
7 jul 2019,Social,13
7 jul 2019,Referral,4
7 jul 2019,Organic Search,213
8 jul 2019,Organic Search,276
8 jul 2019,Direct,44
8 jul 2019,Social,6
8 jul 2019,Referral,13
9 jul 2019,Direct,37
9 jul 2019,Referral,15
9 jul 2019,Organic Search,300
9 jul 2019,Social,1
10 jul 2019,Referral,29
10 jul 2019,Social,4
10 jul 2019,Direct,62
10 jul 2019,Organic Search,319
11 jul 2019,Referral,12
11 jul 2019,Social,5
11 jul 2019,Organic Search,326
11 jul 2019,Direct,93
12 jul 2019,Referral,16
12 jul 2019,Direct,81
12 jul 2019,Social,2
12 jul 2019,Organic Search,267
13 jul 2019,Organic Search,228
13 jul 2019,Direct,58
13 jul 2019,Social,5
13 jul 2019,Referral,4
14 jul 2019,Referral,2
14 jul 2019,Direct,35
14 jul 2019,Organic Search,236
14 jul 2019,Social,2
15 jul 2019,Social,7
15 jul 2019,Organic Search,357
15 jul 2019,Direct,67
15 jul 2019,Referral,14
16 jul 2019,Organic Search,363
16 jul 2019,Direct,77
16 jul 2019,Referral,28
16 jul 2019,Social,6
17 jul 2019,Direct,83
17 jul 2019,Referral,35
17 jul 2019,Social,10
17 jul 2019,Organic Search,343
18 jul 2019,Organic Search,308
18 jul 2019,Referral,28
18 jul 2019,Direct,93
18 jul 2019,Social,17
19 jul 2019,Referral,4
19 jul 2019,Social,3
19 jul 2019,Direct,72
19 jul 2019,Organic Search,298
20 jul 2019,Direct,40
20 jul 2019,Organic Search,149
20 jul 2019,Social,6
20 jul 2019,Referral,5
21 jul 2019,Social,12
21 jul 2019,Organic Search,232
21 jul 2019,Referral,15
21 jul 2019,Direct,60
22 jul 2019,Direct,204
22 jul 2019,Social,9
22 jul 2019,Organic Search,616
22 jul 2019,Referral,19
23 jul 2019,Social,11
23 jul 2019,Referral,11
23 jul 2019,Organic Search,684
23 jul 2019,Direct,176
24 jul 2019,Organic Search,690
24 jul 2019,Direct,350
24 jul 2019,Referral,19
24 jul 2019,Social,123
25 jul 2019,Referral,22
25 jul 2019,Social,66
25 jul 2019,Organic Search,565
25 jul 2019,Direct,177
26 jul 2019,Direct,162
26 jul 2019,Social,64
26 jul 2019,Organic Search,495
26 jul 2019,Referral,30
27 jul 2019,Social,30
27 jul 2019,Referral,5
27 jul 2019,Organic Search,326
27 jul 2019,Direct,88
28 jul 2019,Direct,65
28 jul 2019,Organic Search,293
28 jul 2019,Referral,19
28 jul 2019,Social,30
29 jul 2019,Social,41
29 jul 2019,Organic Search,760
29 jul 2019,Referral,25
29 jul 2019,Direct,134
30 jul 2019,Social,91
30 jul 2019,Direct,330
30 jul 2019,Referral,13
30 jul 2019,Organic Search,679
31 jul 2019,Direct,291
31 jul 2019,Organic Search,752
31 jul 2019,Referral,51
31 jul 2019,Social,58
1 ago 2019,Direct,126
1 ago 2019,Organic Search,512
1 ago 2019,Social,48
1 ago 2019,Referral,29
2 ago 2019,Organic Search,511
2 ago 2019,Direct,182
2 ago 2019,Referral,22
2 ago 2019,Social,52
3 ago 2019,Referral,11
3 ago 2019,Organic Search,298
3 ago 2019,Direct,54
3 ago 2019,Social,29
4 ago 2019,Organic Search,391
4 ago 2019,Social,29
4 ago 2019,Referral,8
4 ago 2019,Direct,52
5 ago 2019,Direct,203
5 ago 2019,Referral,38
5 ago 2019,Social,52
5 ago 2019,Organic Search,681
6 ago 2019,Direct,192
6 ago 2019,Referral,73
6 ago 2019,Social,181
6 ago 2019,Organic Search,839
7 ago 2019,Direct,176
7 ago 2019,Organic Search,630
7 ago 2019,Social,144
7 ago 2019,Referral,54
8 ago 2019,Referral,16
8 ago 2019,Direct,178
8 ago 2019,Social,91
8 ago 2019,Organic Search,660
9 ago 2019,Social,25
9 ago 2019,Direct,161
9 ago 2019,Organic Search,738
9 ago 2019,Referral,13
10 ago 2019,Referral,11
10 ago 2019,Direct,90
10 ago 2019,Organic Search,314
10 ago 2019,Social,26
11 ago 2019,Referral,7
11 ago 2019,Direct,57
11 ago 2019,Organic Search,301
11 ago 2019,Social,4
12 ago 2019,Direct,632
12 ago 2019,Organic Search,720
12 ago 2019,Social,18
12 ago 2019,Referral,25
13 ago 2019,Organic Search,659
13 ago 2019,Referral,36
13 ago 2019,Social,29
13 ago 2019,Direct,250
14 ago 2019,Social,51
14 ago 2019,Direct,135
14 ago 2019,Referral,41
14 ago 2019,Organic Search,652
15 ago 2019,Organic Search,641
15 ago 2019,Social,86
15 ago 2019,Referral,17
15 ago 2019,Direct,126
16 ago 2019,Referral,13
16 ago 2019,Organic Search,534
16 ago 2019,Social,157
16 ago 2019,Direct,174
17 ago 2019,Social,34
17 ago 2019,Organic Search,285
17 ago 2019,Direct,60
17 ago 2019,Referral,12
18 ago 2019,Direct,59
18 ago 2019,Social,12
18 ago 2019,Referral,18
18 ago 2019,Organic Search,282
19 ago 2019,Referral,16
19 ago 2019,Direct,92
19 ago 2019,Organic Search,514
19 ago 2019,Social,32
20 ago 2019,Social,103
20 ago 2019,Organic Search,862
20 ago 2019,Referral,33
20 ago 2019,Direct,191
21 ago 2019,Direct,155
21 ago 2019,Organic Search,811
21 ago 2019,Referral,18
21 ago 2019,Social,43
22 ago 2019,Referral,62
22 ago 2019,Social,98
22 ago 2019,Organic Search,637
22 ago 2019,Direct,150
23 ago 2019,Direct,206
23 ago 2019,Organic Search,595
23 ago 2019,Social,174
23 ago 2019,Referral,19
24 ago 2019,Organic Search,300
24 ago 2019,Direct,50
24 ago 2019,Social,39
24 ago 2019,Referral,7
25 ago 2019,Organic Search,316
25 ago 2019,Referral,16
25 ago 2019,Direct,61
25 ago 2019,Social,35
26 ago 2019,Referral,24
26 ago 2019,Direct,208
26 ago 2019,Social,139
26 ago 2019,Organic Search,801
27 ago 2019,Organic Search,765
27 ago 2019,Direct,171
27 ago 2019,Social,57
27 ago 2019,Referral,30
28 ago 2019,Direct,172
28 ago 2019,Organic Search,630
28 ago 2019,Referral,19
28 ago 2019,Social,35
29 ago 2019,Organic Search,790
29 ago 2019,Social,79
29 ago 2019,Referral,36
29 ago 2019,Direct,152
30 ago 2019,Social,79
30 ago 2019,Referral,33
30 ago 2019,Organic Search,626
30 ago 2019,Direct,172
31 ago 2019,Referral,9
31 ago 2019,Organic Search,334
31 ago 2019,Direct,50
31 ago 2019,Social,8
1 sept 2019,Direct,53
1 sept 2019,Social,26
1 sept 2019,Organic Search,438
1 sept 2019,Referral,10
2 sept 2019,Organic Search,821
2 sept 2019,Referral,32
2 sept 2019,Social,34
2 sept 2019,Direct,241
3 sept 2019,Organic Search,677
3 sept 2019,Direct,167
3 sept 2019,Social,50
3 sept 2019,Referral,33
4 sept 2019,Direct,179
4 sept 2019,Organic Search,716
4 sept 2019,Social,44
4 sept 2019,Referral,13
5 sept 2019,Organic Search,647
5 sept 2019,Referral,12
5 sept 2019,Social,95
5 sept 2019,Direct,169
6 sept 2019,Direct,132
6 sept 2019,Organic Search,605
6 sept 2019,Referral,29
6 sept 2019,Social,54
7 sept 2019,Organic Search,255
7 sept 2019,Direct,76
7 sept 2019,Social,17
7 sept 2019,Referral,4
8 sept 2019,Organic Search,346
8 sept 2019,Direct,54
8 sept 2019,Referral,16
8 sept 2019,Social,7
9 sept 2019,Referral,41
9 sept 2019,Social,53
9 sept 2019,Organic Search,676
9 sept 2019,Direct,186
10 sept 2019,Direct,166
10 sept 2019,Organic Search,780
10 sept 2019,Referral,23
10 sept 2019,Social,62
11 sept 2019,Organic Search,956
11 sept 2019,Social,38
11 sept 2019,Direct,164
11 sept 2019,Referral,10
12 sept 2019,Direct,212
12 sept 2019,Social,55
12 sept 2019,Organic Search,977
12 sept 2019,Referral,10
13 sept 2019,Referral,15
13 sept 2019,Social,15
13 sept 2019,Direct,178
13 sept 2019,Organic Search,642
14 sept 2019,Direct,68
14 sept 2019,Social,24
14 sept 2019,Referral,30
14 sept 2019,Organic Search,327
15 sept 2019,Organic Search,449
15 sept 2019,Referral,10
15 sept 2019,Social,6
15 sept 2019,Direct,64
16 sept 2019,Social,31
16 sept 2019,Organic Search,825
16 sept 2019,Direct,259
16 sept 2019,Referral,19
17 sept 2019,Organic Search,719
17 sept 2019,Direct,181
17 sept 2019,Referral,31
17 sept 2019,Social,137
18 sept 2019,Organic Search,560
18 sept 2019,Referral,34
18 sept 2019,Direct,194
18 sept 2019,Social,63
19 sept 2019,Direct,166
19 sept 2019,Referral,17
19 sept 2019,Social,93
19 sept 2019,Organic Search,692
20 sept 2019,Referral,22
20 sept 2019,Social,50
20 sept 2019,Direct,173
20 sept 2019,Organic Search,610
21 sept 2019,Referral,6
21 sept 2019,Organic Search,353
21 sept 2019,Social,10
21 sept 2019,Direct,55
22 sept 2019,Referral,13
22 sept 2019,Social,12
22 sept 2019,Organic Search,317
22 sept 2019,Direct,65
23 sept 2019,Direct,165
23 sept 2019,Organic Search,833
23 sept 2019,Referral,24
23 sept 2019,Social,56
24 sept 2019,Social,116
24 sept 2019,Organic Search,769
24 sept 2019,Direct,1281
24 sept 2019,Referral,26
25 sept 2019,Organic Search,716
25 sept 2019,Direct,859
25 sept 2019,Referral,52
25 sept 2019,Social,159
26 sept 2019,Organic Search,758
26 sept 2019,Direct,441
26 sept 2019,Referral,18
26 sept 2019,Social,92
27 sept 2019,Organic Search,525
27 sept 2019,Referral,12
27 sept 2019,Social,49
27 sept 2019,Direct,435
28 sept 2019,Organic Search,387
28 sept 2019,Direct,202
28 sept 2019,Referral,9
28 sept 2019,Social,19
29 sept 2019,Direct,251
29 sept 2019,Referral,36
29 sept 2019,Social,13
29 sept 2019,Organic Search,390
30 sept 2019,Social,100
30 sept 2019,Organic Search,854
30 sept 2019,Referral,32
30 sept 2019,Direct,361
1 oct 2019,Direct,263
1 oct 2019,Social,39
1 oct 2019,Referral,20
1 oct 2019,Organic Search,914
2 oct 2019,Referral,26
2 oct 2019,Organic Search,795
2 oct 2019,Social,39
2 oct 2019,Direct,233
3 oct 2019,Organic Search,844
3 oct 2019,Social,47
3 oct 2019,Referral,40
3 oct 2019,Direct,311
4 oct 2019,Referral,33
4 oct 2019,Direct,203
4 oct 2019,Organic Search,731
4 oct 2019,Social,139
5 oct 2019,Organic Search,482
5 oct 2019,Direct,113
5 oct 2019,Referral,9
5 oct 2019,Social,36
6 oct 2019,Direct,111
6 oct 2019,Social,47
6 oct 2019,Referral,29
6 oct 2019,Organic Search,476
7 oct 2019,Social,53
7 oct 2019,Organic Search,900
7 oct 2019,Referral,50
7 oct 2019,Direct,263
8 oct 2019,Social,209
8 oct 2019,Direct,329
8 oct 2019,Organic Search,875
8 oct 2019,Referral,19
9 oct 2019,Referral,14
9 oct 2019,Direct,303
9 oct 2019,Organic Search,920
9 oct 2019,Social,98
10 oct 2019,Social,22
10 oct 2019,Direct,183
10 oct 2019,Referral,29
10 oct 2019,Organic Search,775
11 oct 2019,Referral,25
11 oct 2019,Social,13
11 oct 2019,Organic Search,687
11 oct 2019,Direct,181
12 oct 2019,Organic Search,284
12 oct 2019,Referral,23
12 oct 2019,Direct,101
12 oct 2019,Social,19
13 oct 2019,Referral,10
13 oct 2019,Social,9
13 oct 2019,Organic Search,373
13 oct 2019,Direct,72
14 oct 2019,Social,12
14 oct 2019,Direct,142
14 oct 2019,Organic Search,775
14 oct 2019,Referral,10
15 oct 2019,Direct,234
15 oct 2019,Social,33
15 oct 2019,Referral,27
15 oct 2019,Organic Search,968
16 oct 2019,Referral,35
16 oct 2019,Direct,252
16 oct 2019,Social,59
16 oct 2019,Organic Search,987
17 oct 2019,Referral,11
17 oct 2019,Direct,343
17 oct 2019,Social,226
17 oct 2019,Organic Search,1009
18 oct 2019,Referral,24
18 oct 2019,Social,80
18 oct 2019,Organic Search,740
18 oct 2019,Direct,160
19 oct 2019,Direct,63
19 oct 2019,Referral,25
19 oct 2019,Social,23
19 oct 2019,Organic Search,376
20 oct 2019,Social,14
20 oct 2019,Organic Search,319
20 oct 2019,Referral,12
20 oct 2019,Direct,75
21 oct 2019,Direct,269
21 oct 2019,Organic Search,1094
21 oct 2019,Referral,23
21 oct 2019,Social,143
22 oct 2019,Referral,23
22 oct 2019,Organic Search,877
22 oct 2019,Social,45
22 oct 2019,Direct,302
23 oct 2019,Organic Search,879
23 oct 2019,Social,72
23 oct 2019,Direct,210
23 oct 2019,Referral,25
24 oct 2019,Direct,186
24 oct 2019,Referral,9
24 oct 2019,Organic Search,790
24 oct 2019,Social,44
25 oct 2019,Direct,163
25 oct 2019,Social,45
25 oct 2019,Referral,10
25 oct 2019,Organic Search,694
26 oct 2019,Direct,81
26 oct 2019,Referral,17
26 oct 2019,Organic Search,457
26 oct 2019,Social,20
27 oct 2019,Social,15
27 oct 2019,Organic Search,339
27 oct 2019,Referral,35
27 oct 2019,Direct,94
28 oct 2019,Direct,289
28 oct 2019,Organic Search,1024
28 oct 2019,Referral,36
28 oct 2019,Social,35
29 oct 2019,Direct,315
29 oct 2019,Referral,27
29 oct 2019,Organic Search,1183
29 oct 2019,Social,49
30 oct 2019,Direct,301
30 oct 2019,Referral,28
30 oct 2019,Organic Search,1160
30 oct 2019,Social,190
31 oct 2019,Referral,18
31 oct 2019,Direct,221
31 oct 2019,Social,290
31 oct 2019,Organic Search,1024
1 nov 2019,Organic Search,1011
1 nov 2019,Referral,9
1 nov 2019,Direct,259
1 nov 2019,Social,171
2 nov 2019,Referral,19
2 nov 2019,Organic Search,536
2 nov 2019,Direct,75
2 nov 2019,Social,44
3 nov 2019,Social,133
3 nov 2019,Direct,118
3 nov 2019,Referral,11
3 nov 2019,Organic Search,715
4 nov 2019,Social,128
4 nov 2019,Direct,262
4 nov 2019,Referral,27
4 nov 2019,Organic Search,1366
5 nov 2019,Direct,241
5 nov 2019,Referral,15
5 nov 2019,Social,54
5 nov 2019,Organic Search,1228
6 nov 2019,Direct,350
6 nov 2019,Organic Search,1195
6 nov 2019,Referral,22
6 nov 2019,Social,844
7 nov 2019,Direct,278
7 nov 2019,Social,598
7 nov 2019,Organic Search,1179
7 nov 2019,Referral,20
8 nov 2019,Organic Search,1170
8 nov 2019,Social,281
8 nov 2019,Referral,20
8 nov 2019,Direct,211
9 nov 2019,Direct,95
9 nov 2019,Organic Search,556
9 nov 2019,Social,154
9 nov 2019,Referral,10
10 nov 2019,Direct,95
10 nov 2019,Referral,13
10 nov 2019,Social,118
10 nov 2019,Organic Search,619
11 nov 2019,Direct,628
11 nov 2019,Organic Search,1920
11 nov 2019,Referral,65
11 nov 2019,Social,2863
12 nov 2019,Direct,398
12 nov 2019,Referral,70
12 nov 2019,Organic Search,1333
12 nov 2019,Social,702
13 nov 2019,Direct,285
13 nov 2019,Referral,43
13 nov 2019,Organic Search,1228
13 nov 2019,Social,251
14 nov 2019,Referral,40
14 nov 2019,Direct,267
14 nov 2019,Social,134
14 nov 2019,Organic Search,1042
15 nov 2019,Referral,38
15 nov 2019,Social,165
15 nov 2019,Organic Search,1015
15 nov 2019,Direct,247
16 nov 2019,Organic Search,408
16 nov 2019,Direct,87
16 nov 2019,Referral,18
16 nov 2019,Social,95
17 nov 2019,Organic Search,512
17 nov 2019,Referral,26
17 nov 2019,Social,44
17 nov 2019,Direct,98
18 nov 2019,Social,56
18 nov 2019,Direct,132
18 nov 2019,Referral,22
18 nov 2019,Organic Search,902
19 nov 2019,Direct,374
19 nov 2019,Referral,31
19 nov 2019,Organic Search,1758
19 nov 2019,Social,186
20 nov 2019,Social,358
20 nov 2019,Organic Search,1463
20 nov 2019,Direct,377
20 nov 2019,Referral,41
21 nov 2019,Referral,54
21 nov 2019,Direct,303
21 nov 2019,Organic Search,1377
21 nov 2019,Social,503
22 nov 2019,Direct,234
22 nov 2019,Social,187
22 nov 2019,Referral,24
22 nov 2019,Organic Search,1028
23 nov 2019,Direct,98
23 nov 2019,Referral,18
23 nov 2019,Organic Search,583
23 nov 2019,Social,122
24 nov 2019,Direct,129
24 nov 2019,Organic Search,700
24 nov 2019,Social,83
24 nov 2019,Referral,22
25 nov 2019,Referral,60
25 nov 2019,Direct,340
25 nov 2019,Organic Search,1240
25 nov 2019,Social,115
26 nov 2019,Organic Search,1108
26 nov 2019,Social,59
26 nov 2019,Referral,29
26 nov 2019,Direct,218
27 nov 2019,Direct,299
27 nov 2019,Social,87
27 nov 2019,Organic Search,1362
27 nov 2019,Referral,26
28 nov 2019,Organic Search,1037
28 nov 2019,Direct,244
28 nov 2019,Referral,32
28 nov 2019,Social,82
29 nov 2019,Direct,168
29 nov 2019,Referral,28
29 nov 2019,Organic Search,861
29 nov 2019,Social,56
30 nov 2019,Organic Search,555
30 nov 2019,Social,59
30 nov 2019,Referral,14
30 nov 2019,Direct,100
1 dic 2019,Direct,140
1 dic 2019,Social,31
1 dic 2019,Referral,14
1 dic 2019,Organic Search,578
2 dic 2019,Direct,409
2 dic 2019,Social,372
2 dic 2019,Organic Search,1236
2 dic 2019,Referral,58
3 dic 2019,Social,123
3 dic 2019,Organic Search,1253
3 dic 2019,Referral,33
3 dic 2019,Direct,283
4 dic 2019,Direct,316
4 dic 2019,Referral,19
4 dic 2019,Social,118
4 dic 2019,Organic Search,1125
5 dic 2019,Direct,221
5 dic 2019,Social,55
5 dic 2019,Organic Search,910
5 dic 2019,Referral,30
6 dic 2019,Referral,18
6 dic 2019,Organic Search,876
6 dic 2019,Direct,252
6 dic 2019,Social,188
7 dic 2019,Direct,94
7 dic 2019,Social,58
7 dic 2019,Organic Search,528
7 dic 2019,Referral,12
8 dic 2019,Social,40
8 dic 2019,Organic Search,578
8 dic 2019,Referral,20
8 dic 2019,Direct,58
9 dic 2019,Organic Search,1176
9 dic 2019,Direct,242
9 dic 2019,Social,374
9 dic 2019,Referral,20
10 dic 2019,Direct,405
10 dic 2019,Referral,35
10 dic 2019,Organic Search,1052
10 dic 2019,Social,650
11 dic 2019,Referral,11
11 dic 2019,Organic Search,1026
11 dic 2019,Direct,268
11 dic 2019,Social,366
12 dic 2019,Direct,364
12 dic 2019,Organic Search,1049
12 dic 2019,Social,383
12 dic 2019,Referral,39
13 dic 2019,Referral,24
13 dic 2019,Direct,328
13 dic 2019,Social,229
13 dic 2019,Organic Search,854
14 dic 2019,Social,72
14 dic 2019,Organic Search,474
14 dic 2019,Referral,7
14 dic 2019,Direct,93
15 dic 2019,Direct,140
15 dic 2019,Social,56
15 dic 2019,Referral,24
15 dic 2019,Organic Search,467
16 dic 2019,Social,171
16 dic 2019,Organic Search,1471
16 dic 2019,Direct,259
16 dic 2019,Referral,19
17 dic 2019,Organic Search,1087
17 dic 2019,Direct,305
17 dic 2019,Referral,32
17 dic 2019,Social,179
18 dic 2019,Direct,270
18 dic 2019,Social,88
18 dic 2019,Referral,31
18 dic 2019,Organic Search,1038
19 dic 2019,Referral,25
19 dic 2019,Organic Search,1039
19 dic 2019,Social,198
19 dic 2019,Direct,289
20 dic 2019,Direct,792
20 dic 2019,Referral,20
20 dic 2019,Social,1450
20 dic 2019,Organic Search,933
21 dic 2019,Organic Search,487
21 dic 2019,Referral,5
21 dic 2019,Direct,310
21 dic 2019,Social,381
22 dic 2019,Organic Search,320
22 dic 2019,Social,117
22 dic 2019,Direct,185
22 dic 2019,Referral,11
23 dic 2019,Social,121
23 dic 2019,Direct,134
23 dic 2019,Referral,25
23 dic 2019,Organic Search,364
24 dic 2019,Social,40
24 dic 2019,Referral,4
24 dic 2019,Direct,50
24 dic 2019,Organic Search,185
25 dic 2019,Direct,62
25 dic 2019,Organic Search,194
25 dic 2019,Social,36
25 dic 2019,Referral,1
26 dic 2019,Social,33
26 dic 2019,Direct,119
26 dic 2019,Organic Search,568
26 dic 2019,Referral,13
27 dic 2019,Direct,102
27 dic 2019,Organic Search,402
27 dic 2019,Social,23
27 dic 2019,Referral,10
28 dic 2019,Social,17
28 dic 2019,Direct,120
28 dic 2019,Referral,8
28 dic 2019,Organic Search,269
29 dic 2019,Referral,2
29 dic 2019,Social,7
29 dic 2019,Direct,80
29 dic 2019,Organic Search,271
30 dic 2019,Social,11
30 dic 2019,Referral,26
30 dic 2019,Organic Search,387
30 dic 2019,Direct,95
31 dic 2019,Organic Search,195
31 dic 2019,Direct,51
31 dic 2019,Social,10
31 dic 2019,Referral,2
1 ene 2020,Direct,40
1 ene 2020,Referral,3
1 ene 2020,Social,18
1 ene 2020,Organic Search,204
2 ene 2020,Organic Search,518
2 ene 2020,Referral,15
2 ene 2020,Direct,117
2 ene 2020,Social,21
3 ene 2020,Referral,44
3 ene 2020,Social,23
3 ene 2020,Organic Search,521
3 ene 2020,Direct,110
4 ene 2020,Referral,11
4 ene 2020,Social,16
4 ene 2020,Direct,86
4 ene 2020,Organic Search,392
5 ene 2020,Direct,92
5 ene 2020,Organic Search,305
5 ene 2020,Social,20
5 ene 2020,Referral,20
6 ene 2020,Referral,6
6 ene 2020,Organic Search,556
6 ene 2020,Social,29
6 ene 2020,Direct,106
7 ene 2020,Social,26
7 ene 2020,Referral,27
7 ene 2020,Organic Search,632
7 ene 2020,Direct,77
8 ene 2020,Social,13
8 ene 2020,Direct,65
8 ene 2020,Referral,15
8 ene 2020,Organic Search,190
9 ene 2020,Organic Search,94
9 ene 2020,Social,1
9 ene 2020,Referral,2
9 ene 2020,Direct,37
10 ene 2020,Social,4
10 ene 2020,Direct,27
10 ene 2020,Referral,1
10 ene 2020,Organic Search,58
11 ene 2020,Direct,27
11 ene 2020,Organic Search,41
11 ene 2020,Social,5
12 ene 2020,Organic Search,41
12 ene 2020,Referral,1
12 ene 2020,Direct,20
13 ene 2020,Social,3
13 ene 2020,Organic Search,151
13 ene 2020,Direct,57
13 ene 2020,Referral,3
14 ene 2020,Organic Search,552
14 ene 2020,Social,19
14 ene 2020,Direct,128
14 ene 2020,Referral,12
15 ene 2020,Referral,22
15 ene 2020,Organic Search,590
15 ene 2020,Social,23
15 ene 2020,Direct,133
16 ene 2020,Referral,7
16 ene 2020,Direct,86
16 ene 2020,Organic Search,622
16 ene 2020,Social,27
17 ene 2020,Direct,112
17 ene 2020,Social,17
17 ene 2020,Referral,13
17 ene 2020,Organic Search,501
18 ene 2020,Referral,8
18 ene 2020,Social,12
18 ene 2020,Organic Search,302
18 ene 2020,Direct,60
19 ene 2020,Referral,17
19 ene 2020,Social,12
19 ene 2020,Organic Search,295
19 ene 2020,Direct,87
20 ene 2020,Organic Search,631
20 ene 2020,Referral,12
20 ene 2020,Social,34
20 ene 2020,Direct,114
21 ene 2020,Organic Search,636
21 ene 2020,Direct,93
21 ene 2020,Social,46
21 ene 2020,Referral,8
22 ene 2020,Direct,86
22 ene 2020,Organic Search,608
22 ene 2020,Referral,14
22 ene 2020,Social,20
23 ene 2020,Direct,110
23 ene 2020,Organic Search,575
23 ene 2020,Social,19
23 ene 2020,Referral,21
24 ene 2020,Referral,16
24 ene 2020,Organic Search,408
24 ene 2020,Social,29
24 ene 2020,Direct,76
25 ene 2020,Social,12
25 ene 2020,Direct,102
25 ene 2020,Organic Search,364
25 ene 2020,Referral,2
26 ene 2020,Social,8
26 ene 2020,Direct,79
26 ene 2020,Referral,12
26 ene 2020,Organic Search,286
27 ene 2020,Direct,146
27 ene 2020,Social,38
27 ene 2020,Referral,33
27 ene 2020,Organic Search,718
28 ene 2020,Direct,113
28 ene 2020,Referral,16
28 ene 2020,Organic Search,732
28 ene 2020,Social,27
29 ene 2020,Organic Search,721
29 ene 2020,Social,28
29 ene 2020,Referral,30
29 ene 2020,Direct,116
30 ene 2020,Social,27
30 ene 2020,Organic Search,679
30 ene 2020,Direct,137
30 ene 2020,Referral,12
31 ene 2020,Direct,158
31 ene 2020,Organic Search,485
31 ene 2020,Referral,10
31 ene 2020,Social,21
1 feb 2020,Organic Search,561
1 feb 2020,Social,23
1 feb 2020,Referral,9
1 feb 2020,Direct,103
2 feb 2020,Organic Search,567
2 feb 2020,Referral,24
2 feb 2020,Social,13
2 feb 2020,Direct,89
3 feb 2020,Social,42
3 feb 2020,Organic Search,1325
3 feb 2020,Direct,260
3 feb 2020,Referral,33
4 feb 2020,Organic Search,1485
4 feb 2020,Direct,252
4 feb 2020,Social,57
4 feb 2020,Referral,50
5 feb 2020,Referral,36
5 feb 2020,Social,42
5 feb 2020,Organic Search,1204
5 feb 2020,Direct,180
6 feb 2020,Referral,19
6 feb 2020,Social,54
6 feb 2020,Direct,232
6 feb 2020,Organic Search,1232
7 feb 2020,Direct,168
7 feb 2020,Organic Search,1155
7 feb 2020,Social,24
7 feb 2020,Referral,8
8 feb 2020,Direct,126
8 feb 2020,Social,15
8 feb 2020,Referral,37
8 feb 2020,Organic Search,819
9 feb 2020,Direct,199
9 feb 2020,Social,29
9 feb 2020,Organic Search,1266
9 feb 2020,Referral,21
10 feb 2020,Social,260
10 feb 2020,Organic Search,2610
10 feb 2020,Direct,490
10 feb 2020,Referral,28
11 feb 2020,Direct,426
11 feb 2020,Social,370
11 feb 2020,Organic Search,2066
11 feb 2020,Referral,93
12 feb 2020,Organic Search,2002
12 feb 2020,Social,560
12 feb 2020,Referral,85
12 feb 2020,Direct,638
13 feb 2020,Social,253
13 feb 2020,Referral,63
13 feb 2020,Organic Search,1414
13 feb 2020,Direct,430
14 feb 2020,Direct,299
14 feb 2020,Organic Search,1238
14 feb 2020,Referral,24
14 feb 2020,Social,151
15 feb 2020,Organic Search,708
15 feb 2020,Referral,23
15 feb 2020,Direct,160
15 feb 2020,Social,79
16 feb 2020,Organic Search,624
16 feb 2020,Social,74
16 feb 2020,Referral,16
16 feb 2020,Direct,125
17 feb 2020,Social,192
17 feb 2020,Organic Search,1461
17 feb 2020,Direct,379
17 feb 2020,Referral,64
18 feb 2020,Direct,319
18 feb 2020,Referral,37
18 feb 2020,Organic Search,1346
18 feb 2020,Social,167
19 feb 2020,Direct,268
19 feb 2020,Referral,27
19 feb 2020,Social,106
19 feb 2020,Organic Search,1313
20 feb 2020,Social,180
20 feb 2020,Direct,277
20 feb 2020,Referral,29
20 feb 2020,Organic Search,1140
21 feb 2020,Social,172
21 feb 2020,Referral,24
21 feb 2020,Direct,365
21 feb 2020,Organic Search,923
22 feb 2020,Social,93
22 feb 2020,Referral,6
22 feb 2020,Organic Search,364
22 feb 2020,Direct,129
23 feb 2020,Direct,98
23 feb 2020,Organic Search,448
23 feb 2020,Social,59
23 feb 2020,Referral,11
24 feb 2020,Referral,19
24 feb 2020,Direct,109
24 feb 2020,Organic Search,571
24 feb 2020,Social,58
25 feb 2020,Social,40
25 feb 2020,Organic Search,839
25 feb 2020,Referral,27
25 feb 2020,Direct,117
26 feb 2020,Organic Search,1228
26 feb 2020,Social,71
26 feb 2020,Referral,48
26 feb 2020,Direct,360
27 feb 2020,Direct,345
27 feb 2020,Social,116
27 feb 2020,Organic Search,1123
27 feb 2020,Referral,15
28 feb 2020,Direct,293
28 feb 2020,Social,98
28 feb 2020,Organic Search,1151
28 feb 2020,Referral,25
29 feb 2020,Direct,91
29 feb 2020,Social,17
29 feb 2020,Referral,29
29 feb 2020,Organic Search,513
1 mar 2020,Direct,122
1 mar 2020,Social,33
1 mar 2020,Organic Search,569
1 mar 2020,Referral,11
2 mar 2020,Social,63
2 mar 2020,Organic Search,1318
2 mar 2020,Referral,30
2 mar 2020,Direct,310
3 mar 2020,Social,109
3 mar 2020,Organic Search,1356
3 mar 2020,Referral,43
3 mar 2020,Direct,313
4 mar 2020,Social,128
4 mar 2020,Referral,31
4 mar 2020,Direct,257
4 mar 2020,Organic Search,1061
5 mar 2020,Referral,8
5 mar 2020,Organic Search,1037
5 mar 2020,Direct,313
5 mar 2020,Social,57
6 mar 2020,Referral,26
6 mar 2020,Organic Search,1004
6 mar 2020,Direct,279
6 mar 2020,Social,146
7 mar 2020,Referral,27
7 mar 2020,Direct,123
7 mar 2020,Organic Search,444
7 mar 2020,Social,70
8 mar 2020,Organic Search,406
8 mar 2020,Referral,10
8 mar 2020,Social,51
8 mar 2020,Direct,125
9 mar 2020,Direct,216
9 mar 2020,Referral,14
9 mar 2020,Social,52
9 mar 2020,Organic Search,976
10 mar 2020,Direct,254
10 mar 2020,Organic Search,942
10 mar 2020,Social,95
10 mar 2020,Referral,15
11 mar 2020,Referral,22
11 mar 2020,Direct,417
11 mar 2020,Organic Search,928
11 mar 2020,Social,93
12 mar 2020,Referral,22
12 mar 2020,Social,461
12 mar 2020,Organic Search,1393
12 mar 2020,Direct,676
13 mar 2020,Organic Search,1037
13 mar 2020,Social,424
13 mar 2020,Direct,422
13 mar 2020,Referral,26
14 mar 2020,Direct,149
14 mar 2020,Referral,19
14 mar 2020,Organic Search,337
14 mar 2020,Social,164
15 mar 2020,Direct,129
15 mar 2020,Social,142
15 mar 2020,Organic Search,427
15 mar 2020,Referral,7
16 mar 2020,Organic Search,645
16 mar 2020,Direct,177
16 mar 2020,Social,80
16 mar 2020,Referral,43
17 mar 2020,Direct,141
17 mar 2020,Organic Search,543
17 mar 2020,Social,68
17 mar 2020,Referral,67
18 mar 2020,Social,22
18 mar 2020,Organic Search,400
18 mar 2020,Direct,98
18 mar 2020,Referral,84
19 mar 2020,Referral,14
19 mar 2020,Organic Search,322
19 mar 2020,Direct,96
19 mar 2020,Social,28
20 mar 2020,Direct,110
20 mar 2020,Organic Search,264
20 mar 2020,Social,33
20 mar 2020,Referral,31
21 mar 2020,Organic Search,192
21 mar 2020,Referral,8
21 mar 2020,Direct,70
21 mar 2020,Social,15
22 mar 2020,Direct,75
22 mar 2020,Social,12
22 mar 2020,Referral,7
22 mar 2020,Organic Search,192
23 mar 2020,Social,64
23 mar 2020,Organic Search,410
23 mar 2020,Direct,801
23 mar 2020,Referral,26
24 mar 2020,Organic Search,459
24 mar 2020,Referral,43
24 mar 2020,Social,125
24 mar 2020,Direct,589
25 mar 2020,Referral,87
25 mar 2020,Direct,335
25 mar 2020,Social,225
25 mar 2020,Organic Search,628
26 mar 2020,Direct,313
26 mar 2020,Social,243
26 mar 2020,Organic Search,745
26 mar 2020,Referral,126
27 mar 2020,Organic Search,551
27 mar 2020,Social,69
27 mar 2020,Referral,41
27 mar 2020,Direct,372
28 mar 2020,Social,25
28 mar 2020,Organic Search,424
28 mar 2020,Direct,110
28 mar 2020,Referral,14
29 mar 2020,Direct,131
29 mar 2020,Organic Search,321
29 mar 2020,Referral,18
29 mar 2020,Social,25
30 mar 2020,Direct,356
30 mar 2020,Organic Search,569
30 mar 2020,Referral,47
30 mar 2020,Social,137
31 mar 2020,Social,239
31 mar 2020,Referral,19
31 mar 2020,Direct,505
31 mar 2020,Organic Search,619
1 abr 2020,Referral,12
1 abr 2020,Organic Search,505
1 abr 2020,Direct,254
1 abr 2020,Social,77
2 abr 2020,Organic Search,562
2 abr 2020,Social,17
2 abr 2020,Direct,164
2 abr 2020,Referral,53
3 abr 2020,Direct,130
3 abr 2020,Referral,20
3 abr 2020,Social,100
3 abr 2020,Organic Search,533
4 abr 2020,Organic Search,360
4 abr 2020,Direct,153
4 abr 2020,Social,42
4 abr 2020,Referral,52
5 abr 2020,Referral,7
5 abr 2020,Organic Search,522
5 abr 2020,Direct,125
5 abr 2020,Social,45
6 abr 2020,Organic Search,763
6 abr 2020,Direct,189
6 abr 2020,Social,40
6 abr 2020,Referral,32
7 abr 2020,Social,51
7 abr 2020,Direct,300
7 abr 2020,Organic Search,588
7 abr 2020,Referral,30
8 abr 2020,Social,210
8 abr 2020,Direct,146
8 abr 2020,Referral,27
8 abr 2020,Organic Search,496
9 abr 2020,Organic Search,521
9 abr 2020,Social,217
9 abr 2020,Referral,12
9 abr 2020,Direct,734
10 abr 2020,Social,122
10 abr 2020,Direct,297
10 abr 2020,Organic Search,355
10 abr 2020,Referral,19
11 abr 2020,Referral,40
11 abr 2020,Social,122
11 abr 2020,Direct,357
11 abr 2020,Organic Search,457
12 abr 2020,Direct,106
12 abr 2020,Organic Search,357
12 abr 2020,Social,40
12 abr 2020,Referral,4
13 abr 2020,Organic Search,525
13 abr 2020,Direct,346
13 abr 2020,Referral,25
13 abr 2020,Social,566
14 abr 2020,Social,246
14 abr 2020,Organic Search,637
14 abr 2020,Referral,28
14 abr 2020,Direct,268
15 abr 2020,Referral,22
15 abr 2020,Direct,132
15 abr 2020,Social,72
15 abr 2020,Organic Search,522
16 abr 2020,Social,61
16 abr 2020,Referral,38
16 abr 2020,Direct,185
16 abr 2020,Organic Search,574
17 abr 2020,Referral,37
17 abr 2020,Social,521
17 abr 2020,Direct,1280
17 abr 2020,Organic Search,736
18 abr 2020,Direct,322
18 abr 2020,Organic Search,420
18 abr 2020,Referral,24
18 abr 2020,Social,163
19 abr 2020,Direct,148
19 abr 2020,Referral,25
19 abr 2020,Social,35
19 abr 2020,Organic Search,395
20 abr 2020,Direct,203
20 abr 2020,Referral,18
20 abr 2020,Organic Search,555
20 abr 2020,Social,69
21 abr 2020,Social,43
21 abr 2020,Direct,258
21 abr 2020,Organic Search,485
21 abr 2020,Referral,23
22 abr 2020,Referral,33
22 abr 2020,Direct,196
22 abr 2020,Social,86
22 abr 2020,Organic Search,644
23 abr 2020,Social,50
23 abr 2020,Direct,111
23 abr 2020,Organic Search,595
23 abr 2020,Referral,26
24 abr 2020,Organic Search,473
24 abr 2020,Social,36
24 abr 2020,Referral,22
24 abr 2020,Direct,104
25 abr 2020,Organic Search,328
25 abr 2020,Direct,60
25 abr 2020,Social,20
25 abr 2020,Referral,14
26 abr 2020,Social,31
26 abr 2020,Direct,104
26 abr 2020,Referral,38
26 abr 2020,Organic Search,428
27 abr 2020,Organic Search,640
27 abr 2020,Referral,68
27 abr 2020,Direct,185
27 abr 2020,Social,56
28 abr 2020,Social,50
28 abr 2020,Organic Search,610
28 abr 2020,Direct,144
28 abr 2020,Referral,38
29 abr 2020,Referral,11
29 abr 2020,Social,121
29 abr 2020,Direct,118
29 abr 2020,Organic Search,449
30 abr 2020,Social,78
30 abr 2020,Referral,36
30 abr 2020,Direct,176
30 abr 2020,Organic Search,387
1 may 2020,Referral,9
1 may 2020,Social,26
1 may 2020,Direct,82
1 may 2020,Organic Search,338
2 may 2020,Organic Search,356
2 may 2020,Referral,25
2 may 2020,Social,12
2 may 2020,Direct,128
3 may 2020,Referral,23
3 may 2020,Organic Search,289
3 may 2020,Social,3
3 may 2020,Direct,204
4 may 2020,Social,18
4 may 2020,Organic Search,446
4 may 2020,Direct,92
4 may 2020,Referral,30
5 may 2020,Social,3
5 may 2020,Direct,90
5 may 2020,Organic Search,420
5 may 2020,Referral,15
6 may 2020,Organic Search,444
6 may 2020,Social,26
6 may 2020,Direct,143
6 may 2020,Referral,36
7 may 2020,Referral,28
7 may 2020,Social,47
7 may 2020,Organic Search,437
7 may 2020,Direct,135
8 may 2020,Referral,28
8 may 2020,Social,108
8 may 2020,Organic Search,482
8 may 2020,Direct,191
9 may 2020,Referral,17
9 may 2020,Social,23
9 may 2020,Direct,83
9 may 2020,Organic Search,359
10 may 2020,Organic Search,404
10 may 2020,Social,10
10 may 2020,Referral,8
10 may 2020,Direct,62
11 may 2020,Social,31
11 may 2020,Referral,35
11 may 2020,Direct,120
11 may 2020,Organic Search,650
12 may 2020,Social,31
12 may 2020,Organic Search,674
12 may 2020,Direct,127
12 may 2020,Referral,13
13 may 2020,Organic Search,710
13 may 2020,Referral,13
13 may 2020,Direct,178
13 may 2020,Social,130
14 may 2020,Organic Search,514
14 may 2020,Direct,182
14 may 2020,Referral,16
14 may 2020,Social,69
15 may 2020,Organic Search,414
15 may 2020,Social,51
15 may 2020,Direct,129
15 may 2020,Referral,14
16 may 2020,Social,30
16 may 2020,Direct,94
16 may 2020,Organic Search,293
16 may 2020,Referral,22
17 may 2020,Organic Search,326
17 may 2020,Social,12
17 may 2020,Referral,3
17 may 2020,Direct,63
18 may 2020,Social,36
18 may 2020,Organic Search,546
18 may 2020,Referral,8
18 may 2020,Direct,122
19 may 2020,Organic Search,617
19 may 2020,Referral,24
19 may 2020,Social,200
19 may 2020,Direct,242
20 may 2020,Social,39
20 may 2020,Direct,61
20 may 2020,Referral,5
20 may 2020,Organic Search,115
21 may 2020,Organic Search,5
22 may 2020,Direct,2
22 may 2020,Organic Search,5
24 may 2020,Referral,1
25 may 2020,Referral,1
26 may 2020,Organic Search,1
26 may 2020,Direct,5
27 may 2020,Organic Search,2
28 may 2020,Organic Search,1
1 jun 2020,Organic Search,2
3 jun 2020,Direct,5
4 jun 2020,Direct,3
4 jun 2020,Organic Search,10
5 jun 2020,Referral,1
8 jun 2020,Direct,2
9 jun 2020,Referral,1
10 jun 2020,Direct,5
10 jun 2020,Organic Search,4
11 jun 2020,Direct,2
14 jun 2020,Referral,1
16 jun 2020,Organic Search,8
17 jun 2020,Direct,5
17 jun 2020,Organic Search,6
18 jun 2020,Direct,2
19 jun 2020,Referral,1
19 jun 2020,Organic Search,3
21 jun 2020,Organic Search,1
23 jun 2020,Direct,2
23 jun 2020,Organic Search,2
24 jun 2020,Organic Search,8
25 jun 2020,Organic Search,1
26 jun 2020,Organic Search,6
10 ago 2020,Direct,2
14 ago 2020,Direct,1
18 ago 2020,Direct,7
18 ago 2020,Organic Search,4
20 ago 2020,Organic Search,1
26 ago 2020,Direct,7
8 sept 2020,Direct,8
10 sept 2020,Direct,2
30 oct 2020,Direct,7
31 oct 2020,Direct,1
11 nov 2020,Direct,4
24 feb 2021,Direct,14
25 feb 2021,Direct,2
16 mar 2021,Direct,1
6 abr 2021,Direct,1
19 abr 2021,Direct,2
21 abr 2021,Direct,2
26 abr 2021,Direct,3
29 abr 2021,Direct,2
9 may 2021,Organic Search,2
4 jun 2021,Organic Search,1
16 jun 2021,Direct,3
18 jun 2021,Direct,4
22 jun 2021,Organic Search,6
23 jun 2021,Referral,3
25 jun 2021,Direct,2
27 jun 2021,Direct,1
29 jun 2021,Direct,1
3 jul 2021,Organic Search,2
8 jul 2021,Referral,1
10 jul 2021,Organic Search,1
13 jul 2021,Organic Search,1
14 jul 2021,Organic Search,1
15 jul 2021,Organic Search,3
16 jul 2021,Organic Search,2
18 jul 2021,Organic Search,1
19 jul 2021,Organic Search,1
20 jul 2021,Organic Search,2
21 jul 2021,Organic Search,4
22 jul 2021,Organic Search,2
23 jul 2021,Organic Search,8
24 jul 2021,Organic Search,3
25 jul 2021,Organic Search,1
26 jul 2021,Organic Search,6
27 jul 2021,Organic Search,5
28 jul 2021,Organic Search,2
29 jul 2021,Organic Search,2
30 jul 2021,Organic Search,2
2 ago 2021,Organic Search,2
2 ago 2021,Direct,1
4 ago 2021,Organic Search,1
5 ago 2021,Organic Search,2
6 ago 2021,Direct,1
8 ago 2021,Organic Search,2
9 ago 2021,Organic Search,2
9 ago 2021,Direct,1
10 ago 2021,Organic Search,2
11 ago 2021,Organic Search,3
12 ago 2021,Organic Search,1
13 ago 2021,Referral,2
13 ago 2021,Organic Search,3
16 ago 2021,Organic Search,2
17 ago 2021,Organic Search,5
17 ago 2021,Direct,1
18 ago 2021,Referral,1
18 ago 2021,Organic Search,1
19 ago 2021,Direct,1
19 ago 2021,Organic Search,7
20 ago 2021,Organic Search,7
21 ago 2021,Organic Search,15
22 ago 2021,Organic Search,10
23 ago 2021,Direct,1
23 ago 2021,Organic Search,10
24 ago 2021,Organic Search,13
25 ago 2021,Organic Search,25
25 ago 2021,Direct,1
26 ago 2021,Organic Search,10
27 ago 2021,Organic Search,7
28 ago 2021,Referral,6
28 ago 2021,Organic Search,3
29 ago 2021,Organic Search,22
29 ago 2021,Direct,2
30 ago 2021,Organic Search,21
31 ago 2021,Organic Search,2
31 ago 2021,Direct,1
1 sept 2021,Organic Search,9
1 sept 2021,Direct,2
2 sept 2021,Organic Search,1
13 sept 2021,Organic Search,1
14 sept 2021,Organic Search,7
15 sept 2021,Organic Search,4
16 sept 2021,Organic Search,15
17 sept 2021,Organic Search,7
18 sept 2021,Organic Search,3
19 sept 2021,Organic Search,6
20 sept 2021,Organic Search,7
21 sept 2021,Organic Search,7
22 sept 2021,Organic Search,11
23 sept 2021,Organic Search,4
24 sept 2021,Organic Search,6
25 sept 2021,Organic Search,5
26 sept 2021,Organic Search,1
26 sept 2021,Direct,1
27 sept 2021,Direct,5
27 sept 2021,Organic Search,11
28 sept 2021,Direct,1
28 sept 2021,Organic Search,9
29 sept 2021,Organic Search,13
30 sept 2021,Organic Search,7
30 sept 2021,Direct,1
1 oct 2021,Direct,1
1 oct 2021,Organic Search,5
2 oct 2021,Organic Search,3
2 oct 2021,Direct,1
3 oct 2021,Organic Search,8
4 oct 2021,Organic Search,7
5 oct 2021,Direct,1
5 oct 2021,Organic Search,6
6 oct 2021,Organic Search,9
6 oct 2021,Direct,1
7 oct 2021,Organic Search,5
7 oct 2021,Direct,1
8 oct 2021,Organic Search,3
9 oct 2021,Organic Search,2
10 oct 2021,Referral,1
10 oct 2021,Organic Search,5
11 oct 2021,Referral,1
11 oct 2021,Organic Search,12
12 oct 2021,Organic Search,15
12 oct 2021,Direct,1
13 oct 2021,Referral,3
13 oct 2021,Organic Search,13
13 oct 2021,Direct,1
14 oct 2021,Organic Search,30
15 oct 2021,Organic Search,6
15 oct 2021,Referral,1
16 oct 2021,Organic Search,9
17 oct 2021,Organic Search,2
17 oct 2021,Direct,4
18 oct 2021,Organic Search,8
19 oct 2021,Organic Search,12
20 oct 2021,Direct,1
20 oct 2021,Organic Search,22
21 oct 2021,Direct,1
21 oct 2021,Organic Search,14
22 oct 2021,Referral,4
22 oct 2021,Organic Search,40
22 oct 2021,Direct,2
23 oct 2021,Organic Search,27
24 oct 2021,Organic Search,9
25 oct 2021,Organic Search,14
26 oct 2021,Referral,1
26 oct 2021,Organic Search,8
27 oct 2021,Organic Search,13
28 oct 2021,Organic Search,7
29 oct 2021,Organic Search,22
30 oct 2021,Organic Search,10
31 oct 2021,Organic Search,6
1 nov 2021,Direct,2
1 nov 2021,Organic Search,13
2 nov 2021,Direct,5
2 nov 2021,Organic Search,13
3 nov 2021,Organic Search,100
3 nov 2021,Direct,57
4 nov 2021,Organic Search,19
4 nov 2021,Direct,4
5 nov 2021,Direct,4
5 nov 2021,Organic Search,9
5 nov 2021,Referral,1
6 nov 2021,Organic Search,2
6 nov 2021,Direct,3
7 nov 2021,Organic Search,4
8 nov 2021,Direct,4
8 nov 2021,Organic Search,7
9 nov 2021,Direct,2
9 nov 2021,Organic Search,21
9 nov 2021,Referral,1
10 nov 2021,Direct,6
10 nov 2021,Organic Search,5
11 nov 2021,Organic Search,18
12 nov 2021,Organic Search,15
13 nov 2021,Organic Search,4
13 nov 2021,Direct,2
14 nov 2021,Referral,3
14 nov 2021,Organic Search,7
14 nov 2021,Direct,2
15 nov 2021,Organic Search,15
15 nov 2021,Direct,3
16 nov 2021,Organic Search,7
16 nov 2021,Direct,2
17 nov 2021,Organic Search,10
18 nov 2021,Organic Search,8
18 nov 2021,Direct,1
19 nov 2021,Organic Search,30
20 nov 2021,Direct,1
20 nov 2021,Organic Search,7
21 nov 2021,Organic Search,4
22 nov 2021,Organic Search,6
23 nov 2021,Direct,2
23 nov 2021,Organic Search,9
24 nov 2021,Organic Search,8
24 nov 2021,Direct,1
25 nov 2021,Organic Search,17
26 nov 2021,Organic Search,9
27 nov 2021,Organic Search,5
27 nov 2021,Direct,1
28 nov 2021,Organic Search,8
28 nov 2021,Direct,3
29 nov 2021,Referral,1
29 nov 2021,Social,3
29 nov 2021,Direct,2
29 nov 2021,Organic Search,21
30 nov 2021,Organic Search,12
30 nov 2021,Direct,1
1 dic 2021,Organic Search,18
1 dic 2021,Direct,7
2 dic 2021,Direct,1
2 dic 2021,Organic Search,7
3 dic 2021,Direct,15
3 dic 2021,Organic Search,5
4 dic 2021,Organic Search,8
4 dic 2021,Social,2
4 dic 2021,Direct,9
5 dic 2021,Social,1
5 dic 2021,Organic Search,8
5 dic 2021,Direct,6
6 dic 2021,Organic Search,10
6 dic 2021,Direct,6
7 dic 2021,Direct,1
7 dic 2021,Organic Search,11
8 dic 2021,Direct,1
8 dic 2021,Organic Search,10
8 dic 2021,Social,2
9 dic 2021,Referral,1
9 dic 2021,Organic Search,9
10 dic 2021,Direct,1
10 dic 2021,Organic Search,10
11 dic 2021,Organic Search,5
12 dic 2021,Organic Search,7
12 dic 2021,Direct,1
13 dic 2021,Referral,4
13 dic 2021,Direct,7
13 dic 2021,Organic Search,20
14 dic 2021,Organic Search,19
14 dic 2021,Social,1
14 dic 2021,Direct,3
15 dic 2021,Organic Search,20
15 dic 2021,Direct,4
16 dic 2021,Direct,9
16 dic 2021,Organic Search,15
16 dic 2021,Social,1
17 dic 2021,Organic Search,8
18 dic 2021,Organic Search,2
19 dic 2021,Organic Search,3
20 dic 2021,Direct,4
20 dic 2021,Organic Search,5
21 dic 2021,Organic Search,16
22 dic 2021,Organic Search,6
22 dic 2021,Direct,1
23 dic 2021,Organic Search,8
24 dic 2021,Referral,6
24 dic 2021,Organic Search,3
25 dic 2021,Direct,1
25 dic 2021,Organic Search,2
26 dic 2021,Referral,2
26 dic 2021,Organic Search,4
27 dic 2021,Direct,1
27 dic 2021,Organic Search,11
28 dic 2021,Direct,2
28 dic 2021,Organic Search,6
29 dic 2021,Organic Search,10
30 dic 2021,Organic Search,5
30 dic 2021,Direct,4
31 dic 2021,Direct,3
31 dic 2021,Organic Search,7
1 ene 2022,Direct,1
1 ene 2022,Organic Search,1
2 ene 2022,Organic Search,4
3 ene 2022,Organic Search,7
4 ene 2022,Organic Search,24
4 ene 2022,Direct,4
5 ene 2022,Organic Search,35
5 ene 2022,Direct,1
6 ene 2022,Social,1
6 ene 2022,Referral,1
6 ene 2022,Organic Search,10
7 ene 2022,Organic Search,4
7 ene 2022,Direct,1
8 ene 2022,Organic Search,5
8 ene 2022,Direct,4
9 ene 2022,Direct,4
9 ene 2022,Organic Search,4
10 ene 2022,Direct,1
10 ene 2022,Organic Search,19
11 ene 2022,Organic Search,8
11 ene 2022,Social,1
11 ene 2022,Direct,6
12 ene 2022,Direct,4
12 ene 2022,Organic Search,7
13 ene 2022,Organic Search,2
13 ene 2022,Referral,1
13 ene 2022,Direct,4
14 ene 2022,Direct,2
14 ene 2022,Social,3
14 ene 2022,Organic Search,4
15 ene 2022,Direct,1
15 ene 2022,Organic Search,5
16 ene 2022,Direct,6
16 ene 2022,Organic Search,3
17 ene 2022,Direct,5
17 ene 2022,Organic Search,4
18 ene 2022,Organic Search,6
18 ene 2022,Direct,1
19 ene 2022,Organic Search,5
19 ene 2022,Direct,1
20 ene 2022,Organic Search,16
20 ene 2022,Direct,5
21 ene 2022,Direct,1
21 ene 2022,Organic Search,3
22 ene 2022,Organic Search,2
23 ene 2022,Organic Search,1
23 ene 2022,Direct,1
24 ene 2022,Direct,4
24 ene 2022,Organic Search,11
25 ene 2022,Organic Search,5
25 ene 2022,Direct,3
23 feb 2022,Direct,1
23 feb 2022,Organic Search,5
24 feb 2022,Organic Search,6
24 feb 2022,Direct,4
25 feb 2022,Organic Search,8
26 feb 2022,Organic Search,2
26 feb 2022,Direct,2
27 feb 2022,Organic Search,6
28 feb 2022,Organic Search,14
28 feb 2022,Direct,1
1 mar 2022,Organic Search,8
1 mar 2022,Direct,1
2 mar 2022,Direct,1
2 mar 2022,Organic Search,12
17 mar 2022,Organic Search,1
26 abr 2022,Direct,6
26 abr 2022,Organic Search,18
26 may 2022,Direct,134
26 may 2022,Organic Search,136
27 may 2022,Referral,1
27 may 2022,Social,4
27 may 2022,Direct,42
27 may 2022,Organic Search,72
28 may 2022,Direct,23
28 may 2022,Organic Search,103
29 may 2022,Organic Search,71
29 may 2022,Direct,37
30 may 2022,Organic Search,11
30 may 2022,Direct,9
2 jun 2022,Organic Search,6
3 jun 2022,Organic Search,5
4 jun 2022,Organic Search,5
5 jun 2022,Organic Search,1
5 jun 2022,Referral,2
7 jun 2022,Direct,1
7 jun 2022,Organic Search,4
8 jun 2022,Organic Search,12
9 jun 2022,Organic Search,3
9 jun 2022,Referral,4
10 jun 2022,Organic Search,10
10 jun 2022,Direct,2
11 jun 2022,Organic Search,1
12 jun 2022,Organic Search,4
13 jun 2022,Organic Search,2
14 jun 2022,Organic Search,2
15 jun 2022,Organic Search,2
15 jun 2022,Direct,2
16 jun 2022,Direct,1
16 jun 2022,Organic Search,11
17 jun 2022,Organic Search,1
17 jun 2022,Direct,2
17 jun 2022,Referral,1
19 jun 2022,Organic Search,2
20 jun 2022,Organic Search,2
21 jun 2022,Organic Search,9
22 jun 2022,Organic Search,2
23 jun 2022,Organic Search,5
24 jun 2022,Organic Search,2
26 jun 2022,Direct,1
26 jun 2022,Organic Search,2
27 jun 2022,Organic Search,3
28 jun 2022,Organic Search,6
28 jun 2022,Direct,2
29 jun 2022,Organic Search,3
30 jun 2022,Organic Search,1
1 jul 2022,Organic Search,6
2 jul 2022,Organic Search,9
3 jul 2022,Organic Search,3
4 jul 2022,Organic Search,2
5 jul 2022,Organic Search,4
5 jul 2022,Direct,1
6 jul 2022,Organic Search,5
7 jul 2022,Organic Search,9
8 jul 2022,Direct,1
8 jul 2022,Organic Search,9
9 jul 2022,Organic Search,3
10 jul 2022,Organic Search,2
10 ago 2022,Direct,1
26 ago 2022,Direct,3
4 oct 2022,Direct,1
14 mar 2023,Direct,4
19 may 2023,Direct,5
21 may 2023,Direct,1
25 may 2023,Organic Search,2
26 may 2023,Organic Search,1
6 jun 2023,Direct,2
13 jun 2023,Direct,3
14 jun 2023,Direct,3
15 jun 2023,Direct,2
16 jun 2023,Direct,39
17 jun 2023,Direct,3
18 jun 2023,Organic Search,4
18 jun 2023,Direct,2
19 jun 2023,Direct,3
19 jun 2023,Organic Search,1
20 jun 2023,Direct,2
21 jun 2023,Organic Search,8
21 jun 2023,Social,1
21 jun 2023,Direct,15
3 jul 2023,Direct,1
4 jul 2023,Direct,1