Fecha,País,Vistas
14 jun 2022,Argentina,70
14 jun 2022,Guatemala,1
15 jun 2022,Paraguay,1
15 jun 2022,Brazil,15
15 jun 2022,Mexico,12
15 jun 2022,Uruguay,9
15 jun 2022,France,7
15 jun 2022,Spain,5
15 jun 2022,United States,5
15 jun 2022,Chile,1
15 jun 2022,Colombia,1
15 jun 2022,Guatemala,1
15 jun 2022,Argentina,222
16 jun 2022,Argentina,174
16 jun 2022,Colombia,8
16 jun 2022,United States,8
16 jun 2022,Brazil,4
16 jun 2022,Mexico,4
16 jun 2022,Paraguay,3
16 jun 2022,Peru,2
16 jun 2022,Belgium,1
16 jun 2022,Romania,1
16 jun 2022,Spain,1
16 jun 2022,Uruguay,1
17 jun 2022,Spain,6
17 jun 2022,Peru,1
17 jun 2022,Ecuador,4
17 jun 2022,Mexico,2
17 jun 2022,United States,2
17 jun 2022,Uruguay,2
17 jun 2022,Brazil,1
17 jun 2022,China,1
17 jun 2022,Colombia,1
17 jun 2022,Costa Rica,1
17 jun 2022,Cuba,1
17 jun 2022,Italy,1
17 jun 2022,Paraguay,1
17 jun 2022,Argentina,86
18 jun 2022,Argentina,60
18 jun 2022,Uruguay,5
18 jun 2022,Bolivia,2
18 jun 2022,Colombia,2
18 jun 2022,Ireland,2
18 jun 2022,Spain,2
18 jun 2022,United States,2
18 jun 2022,Brazil,1
18 jun 2022,Costa Rica,1
18 jun 2022,Ecuador,1
18 jun 2022,Italy,1
18 jun 2022,Paraguay,1
19 jun 2022,Brazil,1
19 jun 2022,Uruguay,4
19 jun 2022,China,3
19 jun 2022,Ecuador,2
19 jun 2022,Paraguay,2
19 jun 2022,Bolivia,1
19 jun 2022,Argentina,46
19 jun 2022,Mexico,1
19 jun 2022,Spain,1
20 jun 2022,Costa Rica,1
20 jun 2022,Uruguay,4
20 jun 2022,Mexico,3
20 jun 2022,Ecuador,2
20 jun 2022,Chile,1
20 jun 2022,Argentina,59
20 jun 2022,France,1
20 jun 2022,Paraguay,1
20 jun 2022,Puerto Rico,1
20 jun 2022,Spain,1
21 jun 2022,Argentina,119
21 jun 2022,Italy,2
21 jun 2022,Mexico,2
21 jun 2022,Portugal,2
21 jun 2022,Brazil,1
21 jun 2022,China,1
21 jun 2022,Sweden,1
21 jun 2022,United Kingdom,1
21 jun 2022,Uruguay,1
22 jun 2022,China,1
22 jun 2022,Cuba,2
22 jun 2022,Paraguay,2
22 jun 2022,Argentina,133
22 jun 2022,Colombia,1
22 jun 2022,Mexico,1
22 jun 2022,Nicaragua,1
22 jun 2022,United States,1
22 jun 2022,Uruguay,1
23 jun 2022,Argentina,216
23 jun 2022,China,3
23 jun 2022,United States,3
23 jun 2022,Colombia,2
23 jun 2022,Mexico,1
24 jun 2022,Spain,3
24 jun 2022,Chile,13
24 jun 2022,Mexico,3
24 jun 2022,Argentina,229
24 jun 2022,Brazil,1
24 jun 2022,Cuba,1
24 jun 2022,Ecuador,1
24 jun 2022,South Korea,1
24 jun 2022,United States,1
25 jun 2022,Argentina,68
25 jun 2022,Mexico,2
25 jun 2022,China,1
25 jun 2022,Colombia,1
25 jun 2022,Paraguay,1
26 jun 2022,Argentina,76
26 jun 2022,Canada,2
26 jun 2022,China,1
26 jun 2022,Ecuador,1
26 jun 2022,Mexico,1
26 jun 2022,Poland,1
27 jun 2022,Mexico,22
27 jun 2022,Argentina,166
27 jun 2022,Brazil,6
27 jun 2022,United States,3
28 jun 2022,Argentina,115
28 jun 2022,China,3
28 jun 2022,Chile,2
28 jun 2022,Paraguay,1
28 jun 2022,United States,1
29 jun 2022,Argentina,255
29 jun 2022,Brazil,5
29 jun 2022,Canada,2
29 jun 2022,Ecuador,1
29 jun 2022,Mexico,1
29 jun 2022,Nicaragua,1
29 jun 2022,Peru,1
29 jun 2022,United States,1
30 jun 2022,Argentina,77
30 jun 2022,Brazil,2
30 jun 2022,China,2
30 jun 2022,Ecuador,1
30 jun 2022,United States,1
1 jul 2022,Argentina,110
1 jul 2022,Costa Rica,4
1 jul 2022,Brazil,3
1 jul 2022,China,1
1 jul 2022,Ecuador,1
1 jul 2022,United States,1
2 jul 2022,Argentina,42
2 jul 2022,Bolivia,2
2 jul 2022,China,2
2 jul 2022,Mexico,2
3 jul 2022,Argentina,36
3 jul 2022,Chile,1
3 jul 2022,Ecuador,1
3 jul 2022,Mexico,1
3 jul 2022,Peru,1
3 jul 2022,China,0
4 jul 2022,Argentina,144
4 jul 2022,China,2
4 jul 2022,Mexico,2
4 jul 2022,Brazil,1
4 jul 2022,Ecuador,1
4 jul 2022,El Salvador,1
4 jul 2022,Paraguay,1
5 jul 2022,Argentina,105
5 jul 2022,Mexico,3
5 jul 2022,Colombia,2
5 jul 2022,Panama,2
5 jul 2022,Chile,1
5 jul 2022,Paraguay,1
6 jul 2022,Argentina,159
6 jul 2022,Bolivia,2
6 jul 2022,China,2
6 jul 2022,Peru,2
7 jul 2022,Mexico,2
7 jul 2022,United States,3
7 jul 2022,Argentina,118
7 jul 2022,China,1
7 jul 2022,Ecuador,1
7 jul 2022,Paraguay,1
7 jul 2022,Peru,1
8 jul 2022,Argentina,61
8 jul 2022,Spain,6
8 jul 2022,China,2
8 jul 2022,France,2
8 jul 2022,Chile,1
8 jul 2022,Paraguay,1
9 jul 2022,Ecuador,1
9 jul 2022,Bolivia,1
9 jul 2022,Argentina,49
9 jul 2022,Guatemala,1
10 jul 2022,Argentina,24
10 jul 2022,Bolivia,2
10 jul 2022,Mexico,1
11 jul 2022,Argentina,351
11 jul 2022,Chile,1
11 jul 2022,Ecuador,1
11 jul 2022,Paraguay,1
12 jul 2022,Argentina,96
12 jul 2022,China,2
12 jul 2022,Colombia,2
12 jul 2022,Brazil,1
12 jul 2022,Paraguay,1
13 jul 2022,Chile,1
13 jul 2022,Argentina,44
13 jul 2022,Mexico,1
14 jul 2022,Argentina,63
14 jul 2022,Bolivia,22
14 jul 2022,Brazil,4
14 jul 2022,Paraguay,3
14 jul 2022,Uruguay,1
15 jul 2022,Argentina,42
15 jul 2022,China,3
15 jul 2022,Indonesia,2
16 jul 2022,Argentina,61
16 jul 2022,Peru,2
16 jul 2022,Brazil,1
16 jul 2022,Mexico,1
17 jul 2022,Argentina,129
17 jul 2022,Brazil,17
17 jul 2022,Uruguay,11
17 jul 2022,China,3
17 jul 2022,Venezuela,2
17 jul 2022,Bolivia,1
17 jul 2022,Canada,1
17 jul 2022,Chile,1
17 jul 2022,Colombia,1
17 jul 2022,Ecuador,1
17 jul 2022,France,1
17 jul 2022,Italy,1
17 jul 2022,Mexico,1
17 jul 2022,Peru,1
17 jul 2022,Spain,1
18 jul 2022,Ecuador,2
18 jul 2022,Uruguay,8
18 jul 2022,United States,5
18 jul 2022,Argentina,111
18 jul 2022,Mexico,2
18 jul 2022,Brazil,1
18 jul 2022,Guatemala,1
18 jul 2022,Italy,1
19 jul 2022,Argentina,74
19 jul 2022,Uruguay,4
19 jul 2022,Brazil,2
19 jul 2022,China,2
19 jul 2022,Australia,1
19 jul 2022,Chile,1
19 jul 2022,Ecuador,1
19 jul 2022,Guatemala,1
19 jul 2022,Mexico,1
19 jul 2022,Paraguay,1
19 jul 2022,Peru,1
19 jul 2022,United States,1
19 jul 2022,Venezuela,1
20 jul 2022,Panama,1
20 jul 2022,Spain,5
20 jul 2022,Switzerland,4
20 jul 2022,Ecuador,2
20 jul 2022,Uruguay,2
20 jul 2022,Colombia,1
20 jul 2022,Honduras,1
20 jul 2022,Argentina,42
21 jul 2022,Argentina,34
21 jul 2022,Paraguay,13
21 jul 2022,Mexico,2
21 jul 2022,Uruguay,2
21 jul 2022,Ecuador,1
21 jul 2022,Peru,1
21 jul 2022,Spain,1
22 jul 2022,Denmark,1
22 jul 2022,Mexico,2
22 jul 2022,Bolivia,1
22 jul 2022,Argentina,41
22 jul 2022,Paraguay,1
22 jul 2022,Spain,1
22 jul 2022,Uruguay,1
22 jul 2022,United States,0
23 jul 2022,Argentina,30
23 jul 2022,China,4
23 jul 2022,Uruguay,2
23 jul 2022,Colombia,1
23 jul 2022,Denmark,1
23 jul 2022,Paraguay,1
23 jul 2022,Sweden,0
23 jul 2022,United States,0
24 jul 2022,Costa Rica,22
24 jul 2022,Argentina,21
24 jul 2022,Mexico,1
24 jul 2022,Puerto Rico,1
25 jul 2022,United States,2
25 jul 2022,Brazil,26
25 jul 2022,Argentina,87
25 jul 2022,Mexico,1
26 jul 2022,Argentina,114
26 jul 2022,Brazil,1
26 jul 2022,Paraguay,1
26 jul 2022,Portugal,1
27 jul 2022,Argentina,125
27 jul 2022,United States,4
27 jul 2022,Mexico,2
27 jul 2022,Paraguay,2
27 jul 2022,Chile,1
27 jul 2022,Ireland,1
28 jul 2022,Argentina,134
28 jul 2022,China,3
28 jul 2022,Colombia,1
28 jul 2022,Mexico,1
28 jul 2022,Peru,1
28 jul 2022,Portugal,1
28 jul 2022,Uruguay,1
29 jul 2022,Argentina,132
29 jul 2022,Mexico,2
29 jul 2022,Paraguay,2
29 jul 2022,Spain,2
29 jul 2022,China,1
30 jul 2022,Argentina,106
30 jul 2022,Paraguay,2
30 jul 2022,China,1
30 jul 2022,Guatemala,1
31 jul 2022,Argentina,58
31 jul 2022,China,3
31 jul 2022,Peru,3
31 jul 2022,Paraguay,2
31 jul 2022,Uruguay,1
1 ago 2022,Argentina,128
1 ago 2022,Paraguay,2
1 ago 2022,Chile,1
1 ago 2022,Peru,1
2 ago 2022,Argentina,143
2 ago 2022,China,3
2 ago 2022,Ecuador,2
2 ago 2022,Brazil,1
2 ago 2022,Colombia,1
2 ago 2022,Italy,1
3 ago 2022,Argentina,57
3 ago 2022,Peru,3
3 ago 2022,Colombia,1
3 ago 2022,Paraguay,1
4 ago 2022,Argentina,268
4 ago 2022,China,3
4 ago 2022,Mexico,2
4 ago 2022,Brazil,1
4 ago 2022,Ecuador,1
4 ago 2022,Peru,1
5 ago 2022,Argentina,209
5 ago 2022,Brazil,2
5 ago 2022,Puerto Rico,1
5 ago 2022,United States,1
6 ago 2022,China,4
6 ago 2022,Argentina,80
6 ago 2022,Paraguay,2
7 ago 2022,Argentina,33
7 ago 2022,Germany,4
7 ago 2022,Chile,2
7 ago 2022,Bolivia,1
7 ago 2022,Brazil,1
8 ago 2022,Panama,1
8 ago 2022,Colombia,2
8 ago 2022,Mexico,2
8 ago 2022,United States,2
8 ago 2022,Brazil,1
8 ago 2022,Argentina,369
8 ago 2022,Paraguay,1
9 ago 2022,Argentina,177
9 ago 2022,Brazil,1
9 ago 2022,China,1
9 ago 2022,Mexico,1
9 ago 2022,Paraguay,1
10 ago 2022,Argentina,193
10 ago 2022,Colombia,3
10 ago 2022,Brazil,1
10 ago 2022,Honduras,1
10 ago 2022,Mexico,1
11 ago 2022,Ecuador,1
11 ago 2022,Brazil,2
11 ago 2022,Argentina,195
11 ago 2022,Mexico,1
11 ago 2022,Spain,1
12 ago 2022,Argentina,124
12 ago 2022,Bolivia,1
12 ago 2022,United States,1
13 ago 2022,Argentina,54
13 ago 2022,China,2
13 ago 2022,Uruguay,2
13 ago 2022,Brazil,1
13 ago 2022,Costa Rica,1
13 ago 2022,Spain,1
14 ago 2022,Brazil,9
14 ago 2022,Argentina,78
14 ago 2022,Mexico,3
14 ago 2022,Colombia,1
15 ago 2022,Argentina,73
15 ago 2022,Paraguay,15
15 ago 2022,Colombia,1
16 ago 2022,Argentina,617
16 ago 2022,Chile,2
16 ago 2022,China,2
16 ago 2022,Colombia,2
16 ago 2022,Bolivia,1
16 ago 2022,Brazil,1
16 ago 2022,Germany,1
16 ago 2022,United States,1
17 ago 2022,Panama,1
17 ago 2022,Switzerland,3
17 ago 2022,United States,2
17 ago 2022,India,1
17 ago 2022,Mexico,1
17 ago 2022,Argentina,303
17 ago 2022,Paraguay,1
17 ago 2022,Canada,0
18 ago 2022,Argentina,141
18 ago 2022,Paraguay,2
18 ago 2022,Australia,1
18 ago 2022,United States,1
18 ago 2022,Uruguay,1
19 ago 2022,Colombia,1
19 ago 2022,Brazil,1
19 ago 2022,Argentina,108
19 ago 2022,Mexico,1
20 ago 2022,Argentina,68
20 ago 2022,China,3
20 ago 2022,Dominican Republic,1
20 ago 2022,Ecuador,1
20 ago 2022,Mexico,1
20 ago 2022,United States,1
21 ago 2022,Argentina,44
21 ago 2022,Ecuador,1
21 ago 2022,Colombia,0
22 ago 2022,Argentina,138
22 ago 2022,Mexico,3
22 ago 2022,Brazil,1
22 ago 2022,Ireland,1
23 ago 2022,Russia,6
23 ago 2022,Chile,8
23 ago 2022,Argentina,439
23 ago 2022,Spain,3
23 ago 2022,United States,3
23 ago 2022,China,2
23 ago 2022,Hungary,2
23 ago 2022,Mexico,1
23 ago 2022,Uruguay,1
23 ago 2022,Brazil,0
24 ago 2022,Argentina,166
24 ago 2022,Brazil,10
24 ago 2022,Spain,8
24 ago 2022,Colombia,2
24 ago 2022,Mexico,2
24 ago 2022,Chile,1
24 ago 2022,Guatemala,1
25 ago 2022,Argentina,184
25 ago 2022,Paraguay,3
25 ago 2022,Mexico,2
25 ago 2022,Bolivia,1
25 ago 2022,China,1
25 ago 2022,Guatemala,1
25 ago 2022,Honduras,1
25 ago 2022,Ireland,1
25 ago 2022,Spain,1
26 ago 2022,Argentina,47
26 ago 2022,Mexico,6
26 ago 2022,Germany,3
26 ago 2022,Chile,1
26 ago 2022,Honduras,1
26 ago 2022,Peru,1
26 ago 2022,Spain,1
27 ago 2022,Nicaragua,1
27 ago 2022,Indonesia,5
27 ago 2022,China,1
27 ago 2022,Ireland,1
27 ago 2022,Argentina,54
28 ago 2022,Argentina,17
28 ago 2022,China,2
28 ago 2022,Ecuador,1
28 ago 2022,Mexico,1
28 ago 2022,Paraguay,1
29 ago 2022,Argentina,182
29 ago 2022,Chile,1
29 ago 2022,Mexico,1
29 ago 2022,United States,1
30 ago 2022,Argentina,160
30 ago 2022,Brazil,5
30 ago 2022,China,2
30 ago 2022,Panama,2
30 ago 2022,Mexico,1
31 ago 2022,Argentina,58
31 ago 2022,Colombia,1
1 sept 2022,United States,1
1 sept 2022,Mexico,8
1 sept 2022,Paraguay,3
1 sept 2022,China,2
1 sept 2022,Canada,1
1 sept 2022,Peru,1
1 sept 2022,Argentina,58
2 sept 2022,Argentina,35
2 sept 2022,Honduras,6
2 sept 2022,Paraguay,3
2 sept 2022,Peru,3
2 sept 2022,Mexico,2
2 sept 2022,Colombia,1
2 sept 2022,United States,1
3 sept 2022,Indonesia,1
3 sept 2022,China,1
3 sept 2022,Argentina,24
3 sept 2022,Mexico,1
3 sept 2022,Morocco,1
4 sept 2022,Argentina,39
4 sept 2022,Mexico,2
4 sept 2022,China,1
4 sept 2022,Uruguay,1
4 sept 2022,Paraguay,0
5 sept 2022,Argentina,171
5 sept 2022,Brazil,5
5 sept 2022,China,5
5 sept 2022,Spain,4
5 sept 2022,Paraguay,3
5 sept 2022,Peru,2
5 sept 2022,Chile,1
5 sept 2022,Colombia,1
6 sept 2022,United States,2
6 sept 2022,Mexico,4
6 sept 2022,Brazil,2
6 sept 2022,Paraguay,2
6 sept 2022,Argentina,86
6 sept 2022,Colombia,1
6 sept 2022,Spain,1
7 sept 2022,Argentina,139
7 sept 2022,China,1
7 sept 2022,Colombia,1
7 sept 2022,Ireland,1
7 sept 2022,Mexico,1
7 sept 2022,Spain,1
8 sept 2022,Argentina,59
8 sept 2022,Mexico,2
8 sept 2022,Brazil,1
8 sept 2022,Paraguay,1
9 sept 2022,Argentina,44
9 sept 2022,Ecuador,2
9 sept 2022,Nicaragua,1
9 sept 2022,United States,1
10 sept 2022,Argentina,56
10 sept 2022,Mexico,1
11 sept 2022,Paraguay,1
11 sept 2022,Bolivia,6
11 sept 2022,Mexico,3
11 sept 2022,China,2
11 sept 2022,Belgium,1
11 sept 2022,Ecuador,1
11 sept 2022,Guatemala,1
11 sept 2022,Argentina,74
11 sept 2022,Peru,1
11 sept 2022,United States,1
12 sept 2022,Argentina,116
12 sept 2022,Germany,3
12 sept 2022,Spain,3
12 sept 2022,United States,2
12 sept 2022,Mexico,1
13 sept 2022,Côte d’Ivoire,1
13 sept 2022,Brazil,10
13 sept 2022,Paraguay,9
13 sept 2022,China,2
13 sept 2022,Argentina,95
13 sept 2022,Indonesia,1
13 sept 2022,Italy,1
13 sept 2022,Mexico,1
13 sept 2022,Peru,1
14 sept 2022,Argentina,108
14 sept 2022,Brazil,22
14 sept 2022,Venezuela,6
14 sept 2022,Paraguay,4
14 sept 2022,Colombia,1
14 sept 2022,Costa Rica,1
14 sept 2022,Peru,1
15 sept 2022,Argentina,115
15 sept 2022,Mexico,5
15 sept 2022,China,1
15 sept 2022,Paraguay,1
15 sept 2022,Spain,1
15 sept 2022,United States,1
16 sept 2022,Paraguay,1
16 sept 2022,China,1
16 sept 2022,Ecuador,1
16 sept 2022,Argentina,67
17 sept 2022,Argentina,97
17 sept 2022,Colombia,16
17 sept 2022,United States,2
17 sept 2022,China,1
18 sept 2022,Argentina,32
18 sept 2022,Colombia,1
18 sept 2022,Italy,1
18 sept 2022,Peru,1
19 sept 2022,Argentina,99
19 sept 2022,Brazil,8
19 sept 2022,China,1
19 sept 2022,Indonesia,1
19 sept 2022,Mexico,0
20 sept 2022,Argentina,110
20 sept 2022,Brazil,4
20 sept 2022,China,1
20 sept 2022,France,1
20 sept 2022,Mexico,1
20 sept 2022,United States,1
21 sept 2022,United States,1
21 sept 2022,Brazil,10
21 sept 2022,Ecuador,3
21 sept 2022,China,2
21 sept 2022,Mexico,2
21 sept 2022,Argentina,68
21 sept 2022,Venezuela,1
22 sept 2022,Argentina,45
22 sept 2022,Canada,5
22 sept 2022,Mexico,4
22 sept 2022,China,2
22 sept 2022,Paraguay,2
22 sept 2022,Ecuador,1
22 sept 2022,Guatemala,1
22 sept 2022,Indonesia,1
22 sept 2022,Peru,1
23 sept 2022,Argentina,38
23 sept 2022,Indonesia,2
23 sept 2022,Colombia,1
23 sept 2022,Costa Rica,1
23 sept 2022,Germany,1
23 sept 2022,Mexico,1
23 sept 2022,Peru,1
23 sept 2022,Spain,1
24 sept 2022,Argentina,34
24 sept 2022,Paraguay,4
24 sept 2022,China,2
24 sept 2022,Bolivia,1
24 sept 2022,Brazil,1
24 sept 2022,Ecuador,1
24 sept 2022,Mexico,1
24 sept 2022,Peru,1
25 sept 2022,Chile,1
25 sept 2022,Spain,4
25 sept 2022,Paraguay,3
25 sept 2022,Peru,2
25 sept 2022,Argentina,61
25 sept 2022,Hungary,1
25 sept 2022,Mexico,1
26 sept 2022,Argentina,100
26 sept 2022,China,2
26 sept 2022,Honduras,2
26 sept 2022,Mexico,2
26 sept 2022,Dominican Republic,1
26 sept 2022,United States,1
27 sept 2022,Mexico,3
27 sept 2022,United States,8
27 sept 2022,Argentina,118
27 sept 2022,Brazil,2
27 sept 2022,Peru,2
27 sept 2022,Chile,1
27 sept 2022,Italy,1
27 sept 2022,Uruguay,1
28 sept 2022,Argentina,235
28 sept 2022,Brazil,5
28 sept 2022,China,2
28 sept 2022,Colombia,2
28 sept 2022,Ecuador,1
28 sept 2022,Germany,1
28 sept 2022,Indonesia,1
28 sept 2022,Peru,1
29 sept 2022,Venezuela,1
29 sept 2022,Ecuador,3
29 sept 2022,Mexico,3
29 sept 2022,Argentina,166
30 sept 2022,Argentina,87
30 sept 2022,Brazil,2
30 sept 2022,Colombia,1
30 sept 2022,Ecuador,1
30 sept 2022,United States,1
1 oct 2022,Argentina,46
1 oct 2022,China,2
1 oct 2022,France,2
1 oct 2022,Brazil,1
1 oct 2022,Mexico,1
1 oct 2022,Paraguay,1
2 oct 2022,China,1
2 oct 2022,Mexico,2
2 oct 2022,Argentina,28
3 oct 2022,Argentina,92
3 oct 2022,Indonesia,2
3 oct 2022,Brazil,1
3 oct 2022,China,1
3 oct 2022,Mexico,1
3 oct 2022,Nicaragua,1
3 oct 2022,United States,1
3 oct 2022,Venezuela,1
4 oct 2022,Argentina,81
4 oct 2022,Bolivia,2
4 oct 2022,Colombia,2
4 oct 2022,China,1
4 oct 2022,Ireland,1
4 oct 2022,Paraguay,1
4 oct 2022,Peru,1
4 oct 2022,United States,1
5 oct 2022,Colombia,3
5 oct 2022,Mexico,7
5 oct 2022,Argentina,94
5 oct 2022,China,1
5 oct 2022,Indonesia,1
5 oct 2022,Peru,1
6 oct 2022,Argentina,96
6 oct 2022,Ecuador,2
6 oct 2022,Chile,1
6 oct 2022,China,1
6 oct 2022,Paraguay,1
6 oct 2022,United States,1
7 oct 2022,Chile,4
7 oct 2022,Mexico,6
7 oct 2022,Argentina,28
7 oct 2022,Brazil,1
7 oct 2022,China,1
7 oct 2022,Paraguay,1
7 oct 2022,Peru,1
7 oct 2022,Sweden,1
8 oct 2022,Argentina,0
9 oct 2022,Argentina,3
9 oct 2022,United States,1
10 oct 2022,Argentina,98
10 oct 2022,Italy,3
10 oct 2022,Ecuador,1
10 oct 2022,Paraguay,1
11 oct 2022,Peru,12
11 oct 2022,Argentina,102
11 oct 2022,Venezuela,2
11 oct 2022,Brazil,1
11 oct 2022,Germany,1
12 oct 2022,Argentina,81
12 oct 2022,Indonesia,3
12 oct 2022,Paraguay,3
12 oct 2022,Uruguay,3
12 oct 2022,China,2
12 oct 2022,Chile,1
12 oct 2022,Mexico,1
13 oct 2022,Chile,1
13 oct 2022,Mexico,2
13 oct 2022,Argentina,73
13 oct 2022,China,1
13 oct 2022,Colombia,1
13 oct 2022,Ecuador,1
13 oct 2022,Nicaragua,1
13 oct 2022,Paraguay,1
14 oct 2022,Argentina,79
14 oct 2022,United States,3
14 oct 2022,China,2
14 oct 2022,Mexico,2
14 oct 2022,Chile,1
14 oct 2022,Colombia,1
14 oct 2022,Peru,1
14 oct 2022,Spain,1
15 oct 2022,China,1
15 oct 2022,Chile,1
15 oct 2022,Argentina,37
15 oct 2022,El Salvador,1
15 oct 2022,Indonesia,1
15 oct 2022,Paraguay,1
16 oct 2022,Argentina,12
16 oct 2022,China,3
16 oct 2022,Bolivia,1
16 oct 2022,Ecuador,1
16 oct 2022,Peru,1
16 oct 2022,Spain,1
16 oct 2022,United States,1
17 oct 2022,Argentina,78
17 oct 2022,Peru,3
17 oct 2022,China,2
17 oct 2022,Chile,1
17 oct 2022,Colombia,1
17 oct 2022,Paraguay,1
17 oct 2022,Brazil,0
18 oct 2022,Argentina,99
18 oct 2022,Ecuador,1
18 oct 2022,Peru,1
19 oct 2022,China,1
19 oct 2022,Bolivia,5
19 oct 2022,Puerto Rico,5
19 oct 2022,Spain,4
19 oct 2022,Mexico,2
19 oct 2022,Paraguay,2
19 oct 2022,Peru,2
19 oct 2022,Argentina,89
19 oct 2022,Germany,1
19 oct 2022,Venezuela,1
20 oct 2022,Indonesia,1
20 oct 2022,Brazil,3
20 oct 2022,China,3
20 oct 2022,Ireland,3
20 oct 2022,Bolivia,2
20 oct 2022,Ecuador,2
20 oct 2022,Cuba,1
20 oct 2022,El Salvador,1
20 oct 2022,Argentina,115
20 oct 2022,Paraguay,1
21 oct 2022,Sweden,1
21 oct 2022,Bolivia,1
21 oct 2022,Peru,1
21 oct 2022,Argentina,80
21 oct 2022,United States,1
22 oct 2022,Argentina,44
22 oct 2022,China,1
22 oct 2022,Paraguay,1
23 oct 2022,Argentina,25
23 oct 2022,Indonesia,1
23 oct 2022,Mexico,1
23 oct 2022,Peru,1
24 oct 2022,Argentina,67
24 oct 2022,China,3
24 oct 2022,Mexico,2
24 oct 2022,Peru,2
25 oct 2022,Bolivia,1
25 oct 2022,Peru,4
25 oct 2022,Indonesia,2
25 oct 2022,United States,2
25 oct 2022,Argentina,305
25 oct 2022,Brazil,1
25 oct 2022,Ireland,1
25 oct 2022,Mexico,1
25 oct 2022,Uruguay,1
25 oct 2022,China,0
26 oct 2022,Argentina,247
26 oct 2022,Italy,18
27 oct 2022,Argentina,87
27 oct 2022,Italy,3
27 oct 2022,Mexico,2
27 oct 2022,China,1
27 oct 2022,Dominican Republic,1
28 oct 2022,Argentina,55
28 oct 2022,Cuba,5
28 oct 2022,Mexico,4
28 oct 2022,Guatemala,1
28 oct 2022,Uruguay,1
29 oct 2022,Argentina,103
29 oct 2022,China,2
29 oct 2022,Brazil,1
29 oct 2022,Mexico,1
29 oct 2022,Paraguay,1
29 oct 2022,Peru,1
30 oct 2022,Argentina,25
30 oct 2022,France,1
30 oct 2022,Indonesia,1
30 oct 2022,Mexico,1
30 oct 2022,Paraguay,1
31 oct 2022,Argentina,2
31 oct 2022,Mexico,2
31 oct 2022,Indonesia,1
31 oct 2022,Peru,1
1 nov 2022,Argentina,53
1 nov 2022,Puerto Rico,3
2 nov 2022,Argentina,83
2 nov 2022,Chile,3
2 nov 2022,China,3
2 nov 2022,Mexico,3
2 nov 2022,Paraguay,1
3 nov 2022,Argentina,61
3 nov 2022,China,2
3 nov 2022,Venezuela,1
4 nov 2022,Argentina,91
4 nov 2022,Mexico,3
4 nov 2022,China,2
4 nov 2022,Guatemala,1
4 nov 2022,Paraguay,1
4 nov 2022,United States,1
5 nov 2022,Argentina,77
5 nov 2022,United States,2
5 nov 2022,China,1
5 nov 2022,Colombia,1
5 nov 2022,Germany,1
5 nov 2022,Mexico,1
5 nov 2022,Paraguay,1
5 nov 2022,Venezuela,1
6 nov 2022,Argentina,19
7 nov 2022,Argentina,122
7 nov 2022,Indonesia,2
7 nov 2022,Mexico,2
7 nov 2022,China,1
7 nov 2022,Colombia,1
7 nov 2022,Germany,1
7 nov 2022,Uruguay,1
8 nov 2022,Argentina,115
8 nov 2022,Brazil,4
8 nov 2022,Colombia,1
8 nov 2022,Ecuador,1
8 nov 2022,Uruguay,1
9 nov 2022,Argentina,152
9 nov 2022,China,3
9 nov 2022,Mexico,3
9 nov 2022,Spain,3
9 nov 2022,Paraguay,2
9 nov 2022,Brazil,1
9 nov 2022,Ecuador,1
9 nov 2022,United States,1
10 nov 2022,Argentina,70
10 nov 2022,Colombia,9
10 nov 2022,Brazil,3
10 nov 2022,Mexico,2
10 nov 2022,Paraguay,2
11 nov 2022,Argentina,89
11 nov 2022,Peru,13
11 nov 2022,China,2
11 nov 2022,United States,2
11 nov 2022,Venezuela,1
12 nov 2022,Argentina,53
12 nov 2022,Paraguay,2
12 nov 2022,Canada,1
12 nov 2022,Italy,1
12 nov 2022,Peru,0
13 nov 2022,Argentina,31
13 nov 2022,Indonesia,4
13 nov 2022,Costa Rica,3
13 nov 2022,Mexico,3
13 nov 2022,China,1
14 nov 2022,Argentina,119
14 nov 2022,Brazil,9
14 nov 2022,Costa Rica,7
14 nov 2022,Chile,1
14 nov 2022,China,1
14 nov 2022,Mexico,1
14 nov 2022,Nicaragua,1
14 nov 2022,Uruguay,1
15 nov 2022,Argentina,155
15 nov 2022,Uruguay,3
15 nov 2022,United States,2
15 nov 2022,Mexico,1
15 nov 2022,Puerto Rico,1
15 nov 2022,Spain,1
16 nov 2022,Argentina,115
16 nov 2022,China,2
16 nov 2022,Germany,1
16 nov 2022,Mexico,1
16 nov 2022,Venezuela,1
17 nov 2022,Ecuador,1
17 nov 2022,Bolivia,20
17 nov 2022,Mexico,3
17 nov 2022,Chile,1
17 nov 2022,Argentina,80
17 nov 2022,United States,1
18 nov 2022,Argentina,89
18 nov 2022,France,4
18 nov 2022,Brazil,3
18 nov 2022,Peru,3
18 nov 2022,China,2
18 nov 2022,Bolivia,1
18 nov 2022,Chile,1
18 nov 2022,Ireland,1
18 nov 2022,Mexico,1
18 nov 2022,Venezuela,1
19 nov 2022,Argentina,1
23 nov 2022,Argentina,128
23 nov 2022,Mexico,3
23 nov 2022,Ireland,1
24 nov 2022,Argentina,75
24 nov 2022,Mexico,8
24 nov 2022,Brazil,3
24 nov 2022,China,2
24 nov 2022,France,1
25 nov 2022,Argentina,51
25 nov 2022,Indonesia,1
25 nov 2022,Ireland,1
25 nov 2022,Mexico,1
25 nov 2022,Uruguay,1
25 nov 2022,United States,0
26 nov 2022,Argentina,23
26 nov 2022,Colombia,1
26 nov 2022,Mexico,1
27 nov 2022,Argentina,24
27 nov 2022,Mexico,2
27 nov 2022,Colombia,1
27 nov 2022,Costa Rica,1
28 nov 2022,Argentina,75
28 nov 2022,Mexico,12
28 nov 2022,Guatemala,5
28 nov 2022,Brazil,1
28 nov 2022,China,1
28 nov 2022,Spain,1
28 nov 2022,Sweden,1
29 nov 2022,Argentina,194
29 nov 2022,Ecuador,1
29 nov 2022,France,1
29 nov 2022,Peru,1
29 nov 2022,Spain,1
30 nov 2022,Argentina,136
30 nov 2022,Mexico,3
30 nov 2022,Paraguay,2
30 nov 2022,Chile,1
30 nov 2022,France,1
30 nov 2022,United States,0
1 dic 2022,Argentina,137
1 dic 2022,Paraguay,9
1 dic 2022,Colombia,4
1 dic 2022,France,4
1 dic 2022,Brazil,1
1 dic 2022,Germany,1
1 dic 2022,Mexico,1
1 dic 2022,United States,1
2 dic 2022,Argentina,100
2 dic 2022,United States,2
2 dic 2022,Chile,1
2 dic 2022,China,1
2 dic 2022,Finland,1
2 dic 2022,France,1
2 dic 2022,Mexico,1
2 dic 2022,Nicaragua,1
2 dic 2022,Spain,1
2 dic 2022,Switzerland,1
3 dic 2022,Argentina,23
3 dic 2022,Mexico,1
3 dic 2022,United States,1
3 dic 2022,China,0
3 dic 2022,France,0
4 dic 2022,Argentina,47
4 dic 2022,Chile,3
4 dic 2022,Colombia,3
4 dic 2022,Austria,1
4 dic 2022,China,1
4 dic 2022,Mexico,1
5 dic 2022,Argentina,146
5 dic 2022,China,2
5 dic 2022,Mexico,2
5 dic 2022,Colombia,1
5 dic 2022,Ecuador,1
5 dic 2022,France,1
5 dic 2022,Uruguay,1
6 dic 2022,Argentina,200
6 dic 2022,Paraguay,51
6 dic 2022,Mexico,3
6 dic 2022,Chile,1
6 dic 2022,Colombia,1
6 dic 2022,Peru,1
7 dic 2022,Argentina,133
7 dic 2022,Paraguay,65
7 dic 2022,China,1
7 dic 2022,Colombia,1
7 dic 2022,Peru,1
7 dic 2022,Uruguay,1
8 dic 2022,Argentina,16
8 dic 2022,Brazil,5
8 dic 2022,Paraguay,1
8 dic 2022,Sweden,1
9 dic 2022,Argentina,18
9 dic 2022,Venezuela,3
9 dic 2022,China,2
9 dic 2022,Cuba,1
10 dic 2022,United States,1
10 dic 2022,Argentina,13
11 dic 2022,Argentina,38
11 dic 2022,Ecuador,1
11 dic 2022,El Salvador,1
11 dic 2022,Peru,1
12 dic 2022,Argentina,374
12 dic 2022,Spain,8
12 dic 2022,Belgium,2
12 dic 2022,Brazil,1
12 dic 2022,China,1
12 dic 2022,Peru,1
12 dic 2022,Ecuador,0
13 dic 2022,Argentina,97
13 dic 2022,Mexico,5
13 dic 2022,Ecuador,3
14 dic 2022,Argentina,50
14 dic 2022,Indonesia,3
14 dic 2022,Spain,2
15 dic 2022,Argentina,34
15 dic 2022,United States,2
15 dic 2022,Cuba,1
15 dic 2022,Dominican Republic,1
15 dic 2022,Mexico,1
15 dic 2022,Peru,1
16 dic 2022,Mexico,1
16 dic 2022,Spain,11
16 dic 2022,Hong Kong,2
16 dic 2022,Argentina,92
17 dic 2022,Argentina,25
17 dic 2022,Hong Kong,2
17 dic 2022,Spain,2
17 dic 2022,Ecuador,1
17 dic 2022,Indonesia,1
18 dic 2022,Argentina,8
18 dic 2022,Indonesia,2
18 dic 2022,Spain,1
19 dic 2022,South Korea,1
19 dic 2022,Argentina,25
19 dic 2022,Hong Kong,2
19 dic 2022,Spain,2
19 dic 2022,Ecuador,81
19 dic 2022,China,0
20 dic 2022,Argentina,74
20 dic 2022,Colombia,2
20 dic 2022,Brazil,1
20 dic 2022,Spain,1
21 dic 2022,Argentina,117
21 dic 2022,Spain,2
21 dic 2022,Germany,1
21 dic 2022,Peru,1
22 dic 2022,Argentina,33
22 dic 2022,Peru,3
22 dic 2022,Germany,1
23 dic 2022,Argentina,18
23 dic 2022,Brazil,1
24 dic 2022,Mexico,1
24 dic 2022,Argentina,3
24 dic 2022,Spain,1
25 dic 2022,Argentina,24
25 dic 2022,Germany,2
25 dic 2022,Dominican Republic,1
25 dic 2022,Paraguay,1
25 dic 2022,Russia,0
26 dic 2022,Argentina,54
26 dic 2022,Ecuador,1
26 dic 2022,Nicaragua,1
26 dic 2022,Philippines,1
26 dic 2022,United Kingdom,1
26 dic 2022,Uruguay,1
27 dic 2022,Argentina,13
27 dic 2022,Indonesia,2
27 dic 2022,Chile,1
27 dic 2022,Philippines,1
27 dic 2022,Venezuela,1
28 dic 2022,Argentina,130
28 dic 2022,United States,8
28 dic 2022,Italy,6
28 dic 2022,Spain,3
28 dic 2022,Brazil,1
28 dic 2022,Canada,1
28 dic 2022,Germany,1
28 dic 2022,Indonesia,1
29 dic 2022,Spain,4
29 dic 2022,Peru,21
29 dic 2022,Argentina,122
29 dic 2022,Brazil,3
29 dic 2022,Hungary,2
29 dic 2022,Ecuador,1
29 dic 2022,Indonesia,1
29 dic 2022,Philippines,1
29 dic 2022,Poland,1
29 dic 2022,South Korea,1
29 dic 2022,United States,1
30 dic 2022,Argentina,26
30 dic 2022,Colombia,2
31 dic 2022,Argentina,81
31 dic 2022,France,3
31 dic 2022,Spain,1
1 ene 2023,Argentina,11
1 ene 2023,Ecuador,2
1 ene 2023,Uruguay,2
1 ene 2023,United States,1
2 ene 2023,Argentina,24
2 ene 2023,Brazil,8
2 ene 2023,Chile,1
2 ene 2023,Paraguay,1
3 ene 2023,Argentina,23
3 ene 2023,Chile,4
3 ene 2023,Ecuador,3
3 ene 2023,Germany,1
3 ene 2023,Hong Kong,1
3 ene 2023,Mexico,1
3 ene 2023,Spain,1
4 ene 2023,South Korea,1
4 ene 2023,Colombia,5
4 ene 2023,Brazil,1
4 ene 2023,Indonesia,1
4 ene 2023,Italy,1
4 ene 2023,Mexico,1
4 ene 2023,Argentina,33
4 ene 2023,Spain,1
5 ene 2023,Indonesia,1
5 ene 2023,Mexico,4
5 ene 2023,Netherlands,3
5 ene 2023,Brazil,2
5 ene 2023,Dominican Republic,1
5 ene 2023,Argentina,25
6 ene 2023,Argentina,17
6 ene 2023,Indonesia,3
6 ene 2023,Chile,1
6 ene 2023,Colombia,1
6 ene 2023,Cuba,1
6 ene 2023,Dominican Republic,1
6 ene 2023,Israel,1
6 ene 2023,South Korea,1
7 ene 2023,Argentina,44
7 ene 2023,Mexico,5
7 ene 2023,Indonesia,2
7 ene 2023,Chile,1
8 ene 2023,Spain,2
8 ene 2023,Mexico,2
8 ene 2023,Argentina,9
8 ene 2023,Colombia,1
9 ene 2023,Argentina,42
9 ene 2023,Chile,5
9 ene 2023,Hong Kong,1
9 ene 2023,Spain,1
10 ene 2023,Argentina,19
10 ene 2023,Spain,8
10 ene 2023,Mexico,2
10 ene 2023,Philippines,1
10 ene 2023,Switzerland,1
11 ene 2023,Mexico,4
11 ene 2023,Spain,5
11 ene 2023,Argentina,23
12 ene 2023,Argentina,14
12 ene 2023,Brazil,3
12 ene 2023,Paraguay,3
12 ene 2023,Germany,1
12 ene 2023,Peru,1
12 ene 2023,Puerto Rico,1
12 ene 2023,United States,1
13 ene 2023,Argentina,20
13 ene 2023,Mexico,7
13 ene 2023,Ecuador,2
13 ene 2023,France,1
13 ene 2023,Germany,1
13 ene 2023,Hong Kong,1
13 ene 2023,Paraguay,1
14 ene 2023,Guatemala,1
14 ene 2023,Mexico,2
14 ene 2023,Ecuador,1
14 ene 2023,Argentina,11
15 ene 2023,Argentina,10
15 ene 2023,Uruguay,2
15 ene 2023,Mexico,1
16 ene 2023,Argentina,16
16 ene 2023,United States,6
16 ene 2023,Ecuador,1
16 ene 2023,Mexico,1
16 ene 2023,Philippines,0
17 ene 2023,Argentina,18
17 ene 2023,Paraguay,16
17 ene 2023,Mexico,2
17 ene 2023,France,1
17 ene 2023,Honduras,1
17 ene 2023,Poland,1
17 ene 2023,United States,1
18 ene 2023,Argentina,22
18 ene 2023,Colombia,1
18 ene 2023,Hungary,1
18 ene 2023,Mexico,1
18 ene 2023,China,0
19 ene 2023,United States,1
19 ene 2023,Honduras,4
19 ene 2023,Hungary,2
19 ene 2023,Indonesia,1
19 ene 2023,Ireland,1
19 ene 2023,Mexico,1
19 ene 2023,Nicaragua,1
19 ene 2023,Argentina,33
20 ene 2023,Argentina,20
20 ene 2023,Venezuela,3
20 ene 2023,Indonesia,2
20 ene 2023,Germany,1
20 ene 2023,Mexico,1
20 ene 2023,Paraguay,1
21 ene 2023,Switzerland,1
21 ene 2023,Mexico,2
21 ene 2023,Peru,2
21 ene 2023,Brazil,1
21 ene 2023,Canada,1
21 ene 2023,Argentina,17
21 ene 2023,United States,1
22 ene 2023,Argentina,46
22 ene 2023,Mexico,1
23 ene 2023,Argentina,26
23 ene 2023,Costa Rica,5
23 ene 2023,Mexico,3
23 ene 2023,Chile,1
23 ene 2023,China,1
23 ene 2023,Cuba,1
23 ene 2023,Spain,1
23 ene 2023,Venezuela,1
24 ene 2023,Argentina,16
24 ene 2023,Costa Rica,5
24 ene 2023,Spain,2
24 ene 2023,Ecuador,1
24 ene 2023,Peru,1
25 ene 2023,Argentina,26
25 ene 2023,Mexico,1
26 ene 2023,Brazil,3
26 ene 2023,Argentina,35
26 ene 2023,Paraguay,2
26 ene 2023,Cuba,1
26 ene 2023,Germany,1
26 ene 2023,Guatemala,1
26 ene 2023,United States,1
26 ene 2023,Venezuela,1
27 ene 2023,Spain,1
27 ene 2023,Indonesia,16
27 ene 2023,Costa Rica,15
27 ene 2023,Paraguay,4
27 ene 2023,Chile,3
27 ene 2023,Colombia,2
27 ene 2023,Dominican Republic,1
27 ene 2023,Argentina,33
28 ene 2023,Argentina,15
28 ene 2023,Dominican Republic,1
28 ene 2023,Philippines,1
28 ene 2023,China,0
29 ene 2023,Argentina,12
29 ene 2023,Guatemala,4
29 ene 2023,Honduras,1
30 ene 2023,Argentina,54
30 ene 2023,Brazil,1
30 ene 2023,Chile,1
31 ene 2023,Argentina,58
31 ene 2023,Germany,1
31 ene 2023,Spain,1
1 feb 2023,Brazil,5
1 feb 2023,Argentina,48
1 feb 2023,Bolivia,2
1 feb 2023,Paraguay,2
1 feb 2023,Dominican Republic,1
2 feb 2023,Argentina,18
2 feb 2023,Brazil,4
2 feb 2023,United States,2
3 feb 2023,Argentina,25
3 feb 2023,Brazil,7
3 feb 2023,Mexico,4
3 feb 2023,Paraguay,1
3 feb 2023,Spain,1
4 feb 2023,China,1
4 feb 2023,Mexico,2
4 feb 2023,Argentina,42
4 feb 2023,Costa Rica,1
5 feb 2023,Argentina,44
5 feb 2023,Brazil,4
5 feb 2023,Poland,4
5 feb 2023,Colombia,2
5 feb 2023,Mexico,2
5 feb 2023,China,0
6 feb 2023,Argentina,97
6 feb 2023,Brazil,19
6 feb 2023,Italy,1
6 feb 2023,Paraguay,1
6 feb 2023,Spain,1
6 feb 2023,United States,1
6 feb 2023,Venezuela,1
7 feb 2023,Spain,17
7 feb 2023,Argentina,125
8 feb 2023,Argentina,140
8 feb 2023,Mexico,4
8 feb 2023,Brazil,3
8 feb 2023,Guatemala,2
8 feb 2023,China,0
9 feb 2023,Argentina,181
9 feb 2023,Paraguay,4
9 feb 2023,Spain,3
9 feb 2023,Ecuador,2
9 feb 2023,China,1
9 feb 2023,Colombia,1
9 feb 2023,Peru,1
9 feb 2023,United States,1
10 feb 2023,Argentina,82
10 feb 2023,Brazil,3
10 feb 2023,Cuba,1
10 feb 2023,El Salvador,1
10 feb 2023,Paraguay,1
11 feb 2023,Argentina,5
11 feb 2023,Mexico,2
11 feb 2023,Chile,1
11 feb 2023,China,1
11 feb 2023,Philippines,1
12 feb 2023,Argentina,10
12 feb 2023,Ecuador,3
12 feb 2023,El Salvador,2
12 feb 2023,United States,1
12 feb 2023,China,0
13 feb 2023,Guatemala,13
13 feb 2023,Argentina,94
13 feb 2023,Mexico,2
13 feb 2023,Spain,2
13 feb 2023,Indonesia,1
13 feb 2023,China,0
14 feb 2023,Argentina,89
14 feb 2023,Indonesia,2
14 feb 2023,Mexico,2
14 feb 2023,Spain,1
14 feb 2023,United States,1
15 feb 2023,Venezuela,1
15 feb 2023,Uruguay,5
15 feb 2023,China,2
15 feb 2023,Mexico,1
15 feb 2023,Spain,1
15 feb 2023,Argentina,443
15 feb 2023,United States,0
16 feb 2023,Argentina,254
16 feb 2023,Brazil,8
16 feb 2023,Mexico,4
16 feb 2023,Ecuador,2
16 feb 2023,Peru,2
16 feb 2023,Colombia,1
16 feb 2023,Guatemala,1
16 feb 2023,Panama,1
16 feb 2023,Paraguay,1
16 feb 2023,Spain,1
16 feb 2023,Sweden,1
16 feb 2023,China,0
16 feb 2023,United States,0
17 feb 2023,China,1
17 feb 2023,Ecuador,4
17 feb 2023,Mexico,3
17 feb 2023,Argentina,79
17 feb 2023,Italy,1
17 feb 2023,United States,1
17 feb 2023,Uruguay,1
18 feb 2023,Argentina,21
18 feb 2023,Mexico,2
18 feb 2023,Peru,2
18 feb 2023,Cuba,1
18 feb 2023,Finland,1
18 feb 2023,Puerto Rico,1
19 feb 2023,Argentina,114
19 feb 2023,Netherlands,6
19 feb 2023,Mexico,1
20 feb 2023,Argentina,38
20 feb 2023,Mexico,4
20 feb 2023,Paraguay,2
20 feb 2023,Colombia,1
20 feb 2023,Uruguay,1
21 feb 2023,Argentina,45
21 feb 2023,United Kingdom,16
21 feb 2023,Mexico,3
21 feb 2023,Bolivia,1
21 feb 2023,Colombia,1
21 feb 2023,Paraguay,1
22 feb 2023,Argentina,369
22 feb 2023,Mexico,5
22 feb 2023,Netherlands,3
22 feb 2023,Paraguay,2
22 feb 2023,Costa Rica,1
22 feb 2023,Spain,1
23 feb 2023,Argentina,190
23 feb 2023,Mexico,7
23 feb 2023,Netherlands,3
23 feb 2023,Guatemala,1
23 feb 2023,Paraguay,1
23 feb 2023,United States,1
23 feb 2023,Ireland,0
24 feb 2023,Argentina,119
24 feb 2023,China,1
24 feb 2023,Costa Rica,1
24 feb 2023,Mexico,1
24 feb 2023,Netherlands,1
24 feb 2023,Paraguay,1
25 feb 2023,Argentina,38
25 feb 2023,Mexico,2
25 feb 2023,Costa Rica,1
25 feb 2023,Paraguay,1
25 feb 2023,Puerto Rico,1
26 feb 2023,Argentina,18
26 feb 2023,Costa Rica,2
26 feb 2023,Indonesia,1
26 feb 2023,Mexico,1
26 feb 2023,Paraguay,1
26 feb 2023,Peru,1
27 feb 2023,Argentina,136
27 feb 2023,Colombia,3
27 feb 2023,Brazil,1
27 feb 2023,China,1
27 feb 2023,Guatemala,1
27 feb 2023,Paraguay,1
27 feb 2023,United States,1
28 feb 2023,Argentina,207
28 feb 2023,Ecuador,142
28 feb 2023,Mexico,4
28 feb 2023,Guatemala,1
1 mar 2023,Argentina,271
1 mar 2023,Paraguay,5
1 mar 2023,Mexico,4
1 mar 2023,Colombia,2
1 mar 2023,(not set),1
1 mar 2023,Brazil,1
1 mar 2023,United States,1
1 mar 2023,Ireland,0
1 mar 2023,Sweden,0
2 mar 2023,Argentina,218
2 mar 2023,Spain,12
2 mar 2023,Indonesia,10
2 mar 2023,Brazil,2
2 mar 2023,Paraguay,2
2 mar 2023,(not set),1
2 mar 2023,Australia,1
2 mar 2023,Belgium,1
2 mar 2023,China,1
2 mar 2023,Panama,1
2 mar 2023,Ireland,0
2 mar 2023,Sweden,0
2 mar 2023,United States,0
3 mar 2023,Argentina,49
3 mar 2023,Venezuela,5
3 mar 2023,Mexico,2
3 mar 2023,Spain,2
3 mar 2023,Bolivia,1
3 mar 2023,Chile,1
3 mar 2023,Colombia,1
3 mar 2023,Honduras,1
3 mar 2023,Ireland,0
3 mar 2023,Sweden,0
3 mar 2023,United States,0
4 mar 2023,Argentina,58
4 mar 2023,Guatemala,2
4 mar 2023,Indonesia,2
4 mar 2023,Puerto Rico,2
4 mar 2023,(not set),1
4 mar 2023,Chile,1
4 mar 2023,Mexico,1
4 mar 2023,Paraguay,1
4 mar 2023,United States,0
5 mar 2023,Argentina,44
5 mar 2023,Indonesia,3
5 mar 2023,(not set),1
5 mar 2023,Colombia,1
5 mar 2023,Mexico,1
5 mar 2023,Paraguay,1
5 mar 2023,United States,0
6 mar 2023,Argentina,126
6 mar 2023,Chile,20
6 mar 2023,Mexico,2
6 mar 2023,Bolivia,1
6 mar 2023,Ireland,0
6 mar 2023,United States,0
7 mar 2023,Argentina,195
7 mar 2023,Mexico,9
7 mar 2023,Bolivia,1
7 mar 2023,Guatemala,1
7 mar 2023,Indonesia,1
7 mar 2023,Spain,1
7 mar 2023,Ireland,0
7 mar 2023,United States,0
8 mar 2023,Argentina,85
8 mar 2023,Indonesia,5
8 mar 2023,Mexico,2
8 mar 2023,Paraguay,1
8 mar 2023,Philippines,1
8 mar 2023,Uruguay,1
8 mar 2023,United States,0
9 mar 2023,Argentina,129
9 mar 2023,Paraguay,59
9 mar 2023,Italy,10
9 mar 2023,Mexico,5
9 mar 2023,United States,4
9 mar 2023,Spain,3
9 mar 2023,Bolivia,2
9 mar 2023,Indonesia,2
9 mar 2023,Brazil,1
9 mar 2023,Guatemala,1
9 mar 2023,Venezuela,1
9 mar 2023,China,0
9 mar 2023,Sweden,0
10 mar 2023,Argentina,76
10 mar 2023,France,14
10 mar 2023,Guatemala,4
10 mar 2023,Peru,4
10 mar 2023,Spain,4
10 mar 2023,Brazil,3
10 mar 2023,Ecuador,2
10 mar 2023,Nicaragua,1
11 mar 2023,Argentina,43
11 mar 2023,Cuba,3
11 mar 2023,Spain,3
11 mar 2023,Brazil,2
11 mar 2023,Mexico,2
11 mar 2023,Ireland,1
11 mar 2023,Peru,1
11 mar 2023,Venezuela,1
12 mar 2023,Argentina,22
12 mar 2023,Guatemala,5
12 mar 2023,Venezuela,2
12 mar 2023,Chile,1
12 mar 2023,Colombia,1
12 mar 2023,Indonesia,1
12 mar 2023,Mexico,1
12 mar 2023,Spain,1
13 mar 2023,Argentina,177
13 mar 2023,Mexico,3
13 mar 2023,Paraguay,2
13 mar 2023,Honduras,1
13 mar 2023,United States,1
14 mar 2023,Argentina,218
14 mar 2023,Spain,11
14 mar 2023,Brazil,5
14 mar 2023,Colombia,1
14 mar 2023,Ecuador,1
14 mar 2023,Indonesia,1
14 mar 2023,United States,0
15 mar 2023,Argentina,206
15 mar 2023,Uruguay,4
15 mar 2023,United States,3
15 mar 2023,China,2
15 mar 2023,Colombia,2
15 mar 2023,Paraguay,1
15 mar 2023,Ireland,0
16 mar 2023,Argentina,126
16 mar 2023,Indonesia,16
16 mar 2023,Bolivia,2
16 mar 2023,Mexico,2
16 mar 2023,Germany,1
16 mar 2023,Ireland,1
16 mar 2023,Italy,1
16 mar 2023,Nicaragua,1
16 mar 2023,United States,1
17 mar 2023,Argentina,56
17 mar 2023,Indonesia,4
17 mar 2023,Italy,2
17 mar 2023,Venezuela,2
17 mar 2023,Bolivia,1
17 mar 2023,Ireland,1
17 mar 2023,Paraguay,1
17 mar 2023,United States,1
18 mar 2023,Argentina,83
18 mar 2023,Ecuador,58
18 mar 2023,Paraguay,6
18 mar 2023,Mexico,2
18 mar 2023,Indonesia,1
18 mar 2023,Portugal,1
18 mar 2023,United States,1
19 mar 2023,Argentina,55
19 mar 2023,Guatemala,4
19 mar 2023,Paraguay,2
19 mar 2023,Bolivia,1
19 mar 2023,China,1
19 mar 2023,Indonesia,1
19 mar 2023,Portugal,1
19 mar 2023,Venezuela,1
20 mar 2023,Argentina,728
20 mar 2023,Paraguay,6
20 mar 2023,Mexico,2
20 mar 2023,China,1
20 mar 2023,Guatemala,1
20 mar 2023,Indonesia,1
20 mar 2023,Ireland,1
20 mar 2023,Spain,1
20 mar 2023,United States,0
21 mar 2023,Argentina,408
21 mar 2023,Spain,41
21 mar 2023,Colombia,4
21 mar 2023,Bolivia,1
21 mar 2023,Ecuador,1
21 mar 2023,Paraguay,1
21 mar 2023,China,0
22 mar 2023,Argentina,65
22 mar 2023,Mexico,1
25 mar 2023,Argentina,0
26 mar 2023,Argentina,76
27 mar 2023,Argentina,354
27 mar 2023,Italy,2
27 mar 2023,Chile,1
27 mar 2023,Mexico,1
27 mar 2023,Uruguay,1
28 mar 2023,Argentina,227
28 mar 2023,Uruguay,5
28 mar 2023,Chile,3
28 mar 2023,Honduras,1
28 mar 2023,Malaysia,1
28 mar 2023,Mexico,1
28 mar 2023,Peru,1
29 mar 2023,Argentina,438
29 mar 2023,United States,15
29 mar 2023,Mexico,4
29 mar 2023,Peru,3
29 mar 2023,China,2
29 mar 2023,Dominican Republic,1
29 mar 2023,Guatemala,1
29 mar 2023,Panama,1
30 mar 2023,Argentina,246
30 mar 2023,Mexico,5
30 mar 2023,Chile,2
30 mar 2023,Italy,1
31 mar 2023,Argentina,98
31 mar 2023,United States,2
31 mar 2023,Chile,1
31 mar 2023,China,1
31 mar 2023,Ecuador,1
31 mar 2023,Mexico,1
31 mar 2023,Sweden,1
1 abr 2023,Argentina,164
1 abr 2023,Dominican Republic,1
1 abr 2023,Mexico,1
1 abr 2023,Peru,1
1 abr 2023,Spain,1
2 abr 2023,Argentina,81
2 abr 2023,China,4
2 abr 2023,Costa Rica,1
2 abr 2023,France,1
2 abr 2023,Italy,1
2 abr 2023,Peru,1
2 abr 2023,Venezuela,1
3 abr 2023,Argentina,180
3 abr 2023,Indonesia,29
3 abr 2023,Mexico,2
3 abr 2023,Bolivia,1
3 abr 2023,China,1
3 abr 2023,Ecuador,1
3 abr 2023,Peru,1
3 abr 2023,Uruguay,1
3 abr 2023,Sweden,0
4 abr 2023,Argentina,206
4 abr 2023,Brazil,2
4 abr 2023,China,2
4 abr 2023,Indonesia,2
4 abr 2023,Paraguay,1
5 abr 2023,Argentina,256
5 abr 2023,Brazil,12
5 abr 2023,Peru,5
5 abr 2023,Chile,2
5 abr 2023,Colombia,2
5 abr 2023,(not set),1
5 abr 2023,China,1
5 abr 2023,Hong Kong,1
5 abr 2023,United States,0
6 abr 2023,Argentina,78
6 abr 2023,Venezuela,3
6 abr 2023,China,2
6 abr 2023,Peru,2
6 abr 2023,(not set),1
6 abr 2023,Brazil,1
6 abr 2023,Hong Kong,1
7 abr 2023,Argentina,42
7 abr 2023,China,3
7 abr 2023,Mexico,2
7 abr 2023,Dominican Republic,1
7 abr 2023,Paraguay,1
7 abr 2023,Peru,1
7 abr 2023,Venezuela,1
8 abr 2023,Argentina,80
8 abr 2023,(not set),1
8 abr 2023,Belgium,1
8 abr 2023,China,1
8 abr 2023,Ecuador,1
8 abr 2023,El Salvador,1
8 abr 2023,Paraguay,1
8 abr 2023,Peru,1
9 abr 2023,Argentina,75
9 abr 2023,Peru,4
9 abr 2023,United States,2
9 abr 2023,Uruguay,2
9 abr 2023,(not set),1
9 abr 2023,Brazil,1
9 abr 2023,Chile,1
9 abr 2023,Guatemala,1
9 abr 2023,Panama,1
9 abr 2023,Spain,1
10 abr 2023,Argentina,279
10 abr 2023,Netherlands,7
10 abr 2023,Chile,2
10 abr 2023,Indonesia,2
10 abr 2023,Dominican Republic,1
10 abr 2023,Paraguay,1
10 abr 2023,Venezuela,1
10 abr 2023,Sweden,0
11 abr 2023,Argentina,229
11 abr 2023,Chile,3
11 abr 2023,China,2
11 abr 2023,Mexico,2
11 abr 2023,Paraguay,2
11 abr 2023,Dominican Republic,1
11 abr 2023,Ecuador,1
11 abr 2023,Hungary,1
11 abr 2023,Peru,1
11 abr 2023,United Arab Emirates,1
11 abr 2023,Uruguay,1
12 abr 2023,Argentina,161
12 abr 2023,Brazil,4
12 abr 2023,Paraguay,3
12 abr 2023,Bolivia,2
12 abr 2023,Canada,1
12 abr 2023,Colombia,1
12 abr 2023,Ecuador,1
12 abr 2023,Honduras,1
12 abr 2023,Hong Kong,1
12 abr 2023,Hungary,1
12 abr 2023,Spain,1
13 abr 2023,Argentina,349
13 abr 2023,Indonesia,2
13 abr 2023,Brazil,1
13 abr 2023,Paraguay,1
13 abr 2023,Peru,1
13 abr 2023,Spain,1
13 abr 2023,Uruguay,1
14 abr 2023,Argentina,680
14 abr 2023,Paraguay,8
14 abr 2023,China,3
14 abr 2023,Guatemala,2
14 abr 2023,Uruguay,2
14 abr 2023,Honduras,1
14 abr 2023,Indonesia,1
14 abr 2023,Morocco,1
14 abr 2023,Spain,1
14 abr 2023,United States,1
14 abr 2023,Venezuela,1
14 abr 2023,Brazil,0
14 abr 2023,Sweden,0
15 abr 2023,Argentina,41
15 abr 2023,Colombia,1
15 abr 2023,Egypt,1
15 abr 2023,Mexico,1
15 abr 2023,Brazil,0
16 abr 2023,Argentina,107
16 abr 2023,Bolivia,10
16 abr 2023,China,3
16 abr 2023,Mexico,1
17 abr 2023,Argentina,625
17 abr 2023,Mexico,4
17 abr 2023,United States,4
17 abr 2023,Belgium,1
17 abr 2023,Brazil,1
17 abr 2023,Colombia,1
17 abr 2023,Dominican Republic,1
17 abr 2023,Guatemala,1
17 abr 2023,Peru,1
17 abr 2023,Sweden,1
18 abr 2023,Argentina,362
18 abr 2023,Colombia,18
18 abr 2023,Mexico,9
18 abr 2023,Spain,8
18 abr 2023,Brazil,4
18 abr 2023,Chile,1
18 abr 2023,Indonesia,1
18 abr 2023,Peru,1
18 abr 2023,United States,1
19 abr 2023,Argentina,262
19 abr 2023,Chile,2
19 abr 2023,Mexico,2
19 abr 2023,Brazil,1
19 abr 2023,Peru,1
19 abr 2023,Spain,1
19 abr 2023,United States,1
20 abr 2023,Argentina,263
20 abr 2023,Mexico,3
20 abr 2023,Paraguay,2
20 abr 2023,Colombia,1
20 abr 2023,Venezuela,1
21 abr 2023,Argentina,630
21 abr 2023,Mexico,7
21 abr 2023,China,1
21 abr 2023,Colombia,1
21 abr 2023,Ecuador,1
21 abr 2023,Jamaica,1
21 abr 2023,Peru,1
21 abr 2023,United States,1
21 abr 2023,Sweden,0
22 abr 2023,Argentina,91
22 abr 2023,Mexico,9
22 abr 2023,Peru,6
22 abr 2023,Colombia,1
22 abr 2023,Guatemala,1
22 abr 2023,Spain,1
23 abr 2023,Argentina,87
23 abr 2023,Colombia,13
23 abr 2023,Mexico,2
23 abr 2023,El Salvador,1
23 abr 2023,Paraguay,1
23 abr 2023,United States,1
24 abr 2023,Argentina,229
24 abr 2023,Indonesia,13
24 abr 2023,Spain,11
24 abr 2023,Mexico,8
24 abr 2023,Japan,6
24 abr 2023,Panama,2
24 abr 2023,Canada,1
24 abr 2023,Ecuador,1
24 abr 2023,Paraguay,1
25 abr 2023,Argentina,275
25 abr 2023,Chile,4
25 abr 2023,Mexico,4
25 abr 2023,United States,2
25 abr 2023,Netherlands,1
26 abr 2023,Ecuador,19
26 abr 2023,Argentina,169
26 abr 2023,Colombia,4
26 abr 2023,Mexico,3
26 abr 2023,Indonesia,2
26 abr 2023,Peru,2
26 abr 2023,Bolivia,1
26 abr 2023,Paraguay,1
26 abr 2023,United States,1
26 abr 2023,Ireland,0
27 abr 2023,Argentina,268
27 abr 2023,Brazil,2
27 abr 2023,Indonesia,1
27 abr 2023,Mexico,1
27 abr 2023,Panama,1
27 abr 2023,Puerto Rico,1
27 abr 2023,Spain,1
27 abr 2023,United States,1
27 abr 2023,Ireland,0
27 abr 2023,Sweden,0
28 abr 2023,Brazil,2
28 abr 2023,Chile,31
28 abr 2023,Colombia,4
28 abr 2023,Mexico,4
28 abr 2023,Ecuador,3
28 abr 2023,Argentina,125
28 abr 2023,Ireland,0
28 abr 2023,United States,0
29 abr 2023,Argentina,70
29 abr 2023,Brazil,3
29 abr 2023,Colombia,2
29 abr 2023,Peru,2
29 abr 2023,China,1
29 abr 2023,Mexico,1
29 abr 2023,Ireland,0
30 abr 2023,Argentina,96
30 abr 2023,Mexico,2
30 abr 2023,Bolivia,1
30 abr 2023,Guatemala,1
30 abr 2023,Peru,1
30 abr 2023,Spain,1
30 abr 2023,Uruguay,1
30 abr 2023,Venezuela,1
30 abr 2023,Sweden,0
1 may 2023,Argentina,148
1 may 2023,Mexico,2
1 may 2023,Italy,1
1 may 2023,Netherlands,1
1 may 2023,United States,0
2 may 2023,United States,0
2 may 2023,Bolivia,1
2 may 2023,Ecuador,1
2 may 2023,Mexico,1
2 may 2023,Peru,1
2 may 2023,Argentina,143
3 may 2023,Argentina,129
3 may 2023,Spain,2
3 may 2023,Ireland,0
3 may 2023,Sweden,0
4 may 2023,Venezuela,1
4 may 2023,Paraguay,9
4 may 2023,Mexico,3
4 may 2023,China,2
4 may 2023,Peru,1
4 may 2023,Argentina,155
4 may 2023,Ireland,0
4 may 2023,United States,0
5 may 2023,Argentina,200
5 may 2023,Spain,29
5 may 2023,United States,5
5 may 2023,Paraguay,4
5 may 2023,Mexico,3
5 may 2023,Ecuador,2
6 may 2023,Argentina,47
6 may 2023,Paraguay,4
6 may 2023,Brazil,1
6 may 2023,Guatemala,1
6 may 2023,Mexico,1
7 may 2023,Peru,5
7 may 2023,Argentina,77
7 may 2023,Mexico,4
7 may 2023,Colombia,2
7 may 2023,Paraguay,2
7 may 2023,United States,1
8 may 2023,Argentina,116
8 may 2023,Bolivia,2
8 may 2023,Ecuador,1
8 may 2023,Indonesia,1
8 may 2023,Paraguay,1
8 may 2023,Uruguay,1
9 may 2023,Argentina,82
9 may 2023,Ecuador,3
9 may 2023,Cuba,1
10 may 2023,Argentina,91
10 may 2023,Paraguay,14
10 may 2023,Mexico,12
10 may 2023,Chile,3
10 may 2023,Cuba,2
10 may 2023,Brazil,1
10 may 2023,Ecuador,1
11 may 2023,Argentina,110
11 may 2023,Peru,3
11 may 2023,Brazil,2
11 may 2023,China,2
11 may 2023,Paraguay,2
11 may 2023,Chile,1
11 may 2023,Guatemala,1
11 may 2023,Mexico,1
12 may 2023,China,1
12 may 2023,Mexico,5
12 may 2023,(not set),2
12 may 2023,Netherlands,2
12 may 2023,Spain,2
12 may 2023,Bolivia,1
12 may 2023,Argentina,101
12 may 2023,Colombia,1
12 may 2023,France,1
12 may 2023,Indonesia,1
12 may 2023,Peru,1
12 may 2023,United States,1
13 may 2023,Argentina,37
13 may 2023,(not set),2
13 may 2023,Colombia,2
13 may 2023,China,1
13 may 2023,Mexico,1
13 may 2023,Netherlands,1
14 may 2023,Peru,1
14 may 2023,Argentina,67
14 may 2023,Honduras,6
14 may 2023,Spain,4
14 may 2023,Colombia,2
14 may 2023,Bolivia,1
14 may 2023,Chile,1
14 may 2023,Guatemala,1
14 may 2023,Mexico,1
14 may 2023,Paraguay,1
14 may 2023,Italy,93
14 may 2023,Venezuela,1
15 may 2023,Guatemala,1
15 may 2023,China,4
15 may 2023,Peru,4
15 may 2023,(not set),3
15 may 2023,Brazil,2
15 may 2023,Mexico,2
15 may 2023,Germany,1
15 may 2023,Argentina,175
15 may 2023,United Kingdom,1
15 may 2023,Uruguay,1
16 may 2023,(not set),1
16 may 2023,Mexico,22
16 may 2023,Peru,2
16 may 2023,Argentina,162
16 may 2023,Bolivia,1
16 may 2023,United States,1
17 may 2023,Argentina,243
17 may 2023,Spain,6
17 may 2023,Mexico,4
17 may 2023,Ecuador,2
17 may 2023,Uruguay,2
17 may 2023,Brazil,1
17 may 2023,China,1
17 may 2023,Netherlands,1
17 may 2023,Paraguay,1
17 may 2023,Peru,1
18 may 2023,Ecuador,1
18 may 2023,Brazil,18
18 may 2023,China,4
18 may 2023,Venezuela,2
18 may 2023,Argentina,196
18 may 2023,Netherlands,1
18 may 2023,Peru,1
18 may 2023,Spain,1
19 may 2023,Uruguay,1
19 may 2023,Brazil,8
19 may 2023,China,1
19 may 2023,Ecuador,1
19 may 2023,Italy,1
19 may 2023,Argentina,174
20 may 2023,Argentina,59
20 may 2023,Uruguay,7
20 may 2023,Brazil,5
20 may 2023,China,3
20 may 2023,Germany,1
20 may 2023,Peru,1
21 may 2023,Argentina,70
21 may 2023,Italy,5
21 may 2023,Mexico,2
21 may 2023,China,1
21 may 2023,Peru,1
22 may 2023,Peru,1
22 may 2023,Brazil,4
22 may 2023,China,4
22 may 2023,Paraguay,4
22 may 2023,Ecuador,2
22 may 2023,Bolivia,1
22 may 2023,Panama,1
22 may 2023,Argentina,185
23 may 2023,Argentina,154
23 may 2023,Spain,3
23 may 2023,Mexico,1
24 may 2023,United States,1
24 may 2023,Chile,4
24 may 2023,Mexico,4
24 may 2023,Paraguay,4
24 may 2023,Venezuela,3
24 may 2023,Bolivia,2
24 may 2023,Netherlands,1
24 may 2023,Panama,1
24 may 2023,Spain,1
24 may 2023,Argentina,94
25 may 2023,Uruguay,2
25 may 2023,Argentina,74
25 may 2023,Mexico,3
25 may 2023,Spain,3
25 may 2023,Italy,85
25 may 2023,China,1
25 may 2023,France,1
26 may 2023,Argentina,147
26 may 2023,Peru,31
26 may 2023,Brazil,2
26 may 2023,Honduras,1
26 may 2023,Puerto Rico,1
27 may 2023,Argentina,85
27 may 2023,China,4
27 may 2023,Iran,4
27 may 2023,Colombia,1
27 may 2023,Peru,1
27 may 2023,United States,1
28 may 2023,Mexico,3
28 may 2023,Argentina,91
28 may 2023,Chile,2
28 may 2023,Ireland,2
28 may 2023,Ecuador,1
28 may 2023,Peru,1
28 may 2023,Uruguay,1
29 may 2023,Argentina,234
29 may 2023,Paraguay,3
29 may 2023,Chile,1
30 may 2023,Argentina,127
30 may 2023,Spain,5
30 may 2023,China,3
30 may 2023,Peru,3
30 may 2023,Costa Rica,2
30 may 2023,Mexico,2
30 may 2023,Bolivia,1
30 may 2023,Guatemala,1
30 may 2023,Honduras,1
31 may 2023,El Salvador,1
31 may 2023,China,2
31 may 2023,Peru,2
31 may 2023,United States,2
31 may 2023,Bolivia,1
31 may 2023,Chile,1
31 may 2023,Ecuador,1
31 may 2023,Argentina,285
31 may 2023,Honduras,1
1 jun 2023,Argentina,193
1 jun 2023,China,3
1 jun 2023,Mexico,3
1 jun 2023,Indonesia,1
1 jun 2023,Peru,1
1 jun 2023,United States,1
2 jun 2023,Paraguay,3
2 jun 2023,Chile,3
2 jun 2023,Argentina,134
2 jun 2023,Spain,2
2 jun 2023,Guatemala,1
3 jun 2023,Argentina,57
3 jun 2023,China,3
3 jun 2023,Mexico,3
3 jun 2023,Colombia,2
3 jun 2023,Peru,2
3 jun 2023,Nicaragua,1
3 jun 2023,Spain,1
3 jun 2023,United States,1
4 jun 2023,Argentina,49
4 jun 2023,Paraguay,12
4 jun 2023,Mexico,2
4 jun 2023,China,1
4 jun 2023,Spain,1
5 jun 2023,Chile,1
5 jun 2023,Guatemala,4
5 jun 2023,China,3
5 jun 2023,Germany,3
5 jun 2023,Peru,2
5 jun 2023,Argentina,298
5 jun 2023,Mexico,1
5 jun 2023,Uruguay,1
6 jun 2023,Argentina,172
6 jun 2023,China,1
7 jun 2023,Paraguay,2
7 jun 2023,China,2
7 jun 2023,Indonesia,2
7 jun 2023,Mexico,2
7 jun 2023,Argentina,128
7 jun 2023,India,1
7 jun 2023,Spain,1
8 jun 2023,Argentina,289
8 jun 2023,Indonesia,8
8 jun 2023,Brazil,3
8 jun 2023,Colombia,1
8 jun 2023,Paraguay,1
8 jun 2023,United States,1
9 jun 2023,Argentina,98
9 jun 2023,Peru,15
9 jun 2023,Spain,5
9 jun 2023,Honduras,1
9 jun 2023,Mexico,1
10 jun 2023,Germany,2
10 jun 2023,Paraguay,13
10 jun 2023,China,3
10 jun 2023,Argentina,34
10 jun 2023,Mexico,2
10 jun 2023,Panama,2
10 jun 2023,United States,2
10 jun 2023,Spain,0
11 jun 2023,Argentina,57
11 jun 2023,Colombia,2
11 jun 2023,Indonesia,2
11 jun 2023,Peru,2
11 jun 2023,Chile,1
12 jun 2023,Ecuador,1
12 jun 2023,Brazil,15
12 jun 2023,Colombia,1
12 jun 2023,Costa Rica,1
12 jun 2023,Argentina,124
12 jun 2023,Mexico,1
12 jun 2023,Paraguay,1
13 jun 2023,Argentina,71
13 jun 2023,Mexico,13
13 jun 2023,Nicaragua,1
13 jun 2023,Paraguay,1
13 jun 2023,Peru,1
13 jun 2023,United States,1
13 jun 2023,Costa Rica,0
14 jun 2023,Argentina,126
14 jun 2023,Mexico,10
14 jun 2023,Colombia,2
14 jun 2023,United States,2
14 jun 2023,China,1
14 jun 2023,Paraguay,1
14 jun 2023,Peru,1
15 jun 2023,Mexico,4
15 jun 2023,Argentina,150
15 jun 2023,Paraguay,2
15 jun 2023,Bolivia,1
15 jun 2023,Ecuador,1
15 jun 2023,Puerto Rico,1
16 jun 2023,Argentina,51
16 jun 2023,(not set),3
16 jun 2023,Chile,2
16 jun 2023,United States,2
16 jun 2023,Brazil,1
16 jun 2023,Paraguay,1
16 jun 2023,Peru,1
16 jun 2023,Spain,1
17 jun 2023,Argentina,37
17 jun 2023,Mexico,5
17 jun 2023,Bolivia,2
17 jun 2023,Chile,1
18 jun 2023,Argentina,60
18 jun 2023,Mexico,1
19 jun 2023,Argentina,40
19 jun 2023,Ecuador,2
19 jun 2023,(not set),1
19 jun 2023,Brazil,1
19 jun 2023,Nicaragua,1
19 jun 2023,Paraguay,1
19 jun 2023,Peru,1
19 jun 2023,Uruguay,1
20 jun 2023,(not set),4
20 jun 2023,Argentina,77
20 jun 2023,Bolivia,4
20 jun 2023,Costa Rica,3
20 jun 2023,Mexico,1
20 jun 2023,Nicaragua,1
20 jun 2023,Paraguay,1
20 jun 2023,Peru,1
20 jun 2023,Venezuela,1
21 jun 2023,Argentina,114
21 jun 2023,Italy,5
21 jun 2023,Mexico,2
21 jun 2023,China,1
21 jun 2023,Indonesia,1
21 jun 2023,Peru,1
22 jun 2023,Argentina,119
22 jun 2023,Indonesia,4
22 jun 2023,Uruguay,2
22 jun 2023,China,1
22 jun 2023,Colombia,1
22 jun 2023,Mexico,1
23 jun 2023,Argentina,154
24 jun 2023,Argentina,56
25 jun 2023,Argentina,151
25 jun 2023,Brazil,29
25 jun 2023,Ecuador,2
25 jun 2023,Mexico,1
25 jun 2023,Peru,1
25 jun 2023,Venezuela,1
26 jun 2023,Indonesia,4
26 jun 2023,Argentina,108
26 jun 2023,Mexico,4
26 jun 2023,Switzerland,3
26 jun 2023,China,2
26 jun 2023,Peru,1
27 jun 2023,Argentina,110
27 jun 2023,Colombia,2
27 jun 2023,Indonesia,2
27 jun 2023,Costa Rica,1
27 jun 2023,Panama,1
28 jun 2023,Mexico,1
28 jun 2023,Paraguay,3
28 jun 2023,Costa Rica,1
28 jun 2023,Argentina,174
28 jun 2023,Peru,1
29 jun 2023,Argentina,189
29 jun 2023,Chile,3
29 jun 2023,Spain,2
29 jun 2023,Brazil,1
29 jun 2023,China,1
29 jun 2023,Paraguay,1
30 jun 2023,Argentina,160
30 jun 2023,Brazil,1
30 jun 2023,China,1
30 jun 2023,Indonesia,1
30 jun 2023,Paraguay,1
30 jun 2023,Venezuela,1
1 jul 2023,Peru,9
1 jul 2023,Argentina,23
1 jul 2023,Brazil,1
1 jul 2023,Costa Rica,1
2 jul 2023,Argentina,35
2 jul 2023,Spain,7
2 jul 2023,China,1
2 jul 2023,Peru,1
2 jul 2023,United States,1
2 jul 2023,Uruguay,1
3 jul 2023,Argentina,114
3 jul 2023,Peru,11
3 jul 2023,Brazil,1
4 jul 2023,Ecuador,7
4 jul 2023,Paraguay,21
4 jul 2023,Argentina,130
4 jul 2023,Brazil,6
4 jul 2023,Spain,2
4 jul 2023,Bolivia,1
4 jul 2023,Colombia,1
4 jul 2023,Mexico,1
4 jul 2023,Morocco,1
5 jul 2023,Argentina,95
5 jul 2023,Brazil,3
5 jul 2023,China,1
5 jul 2023,Peru,1
6 jul 2023,Argentina,99
6 jul 2023,France,8
6 jul 2023,Mexico,2
6 jul 2023,Netherlands,1
7 jul 2023,Spain,1
7 jul 2023,Indonesia,5
7 jul 2023,China,3
7 jul 2023,Ecuador,1
7 jul 2023,Argentina,129
8 jul 2023,Argentina,64
8 jul 2023,Indonesia,1
8 jul 2023,Uruguay,1
9 jul 2023,Argentina,82
9 jul 2023,Paraguay,2
9 jul 2023,Ecuador,1
9 jul 2023,Indonesia,1
9 jul 2023,Uruguay,1
10 jul 2023,Argentina,56
10 jul 2023,Peru,10
10 jul 2023,Mexico,8
10 jul 2023,Venezuela,2
10 jul 2023,China,1
10 jul 2023,Nicaragua,1
10 jul 2023,Paraguay,1
11 jul 2023,Paraguay,1
11 jul 2023,United States,3
11 jul 2023,Spain,2
11 jul 2023,Ecuador,1
11 jul 2023,Honduras,1
11 jul 2023,Mexico,1
11 jul 2023,Argentina,46
12 jul 2023,Argentina,65
12 jul 2023,Mexico,4
12 jul 2023,Paraguay,4
12 jul 2023,Colombia,2
12 jul 2023,Brazil,1
12 jul 2023,Chile,1
12 jul 2023,China,1
12 jul 2023,Peru,1
13 jul 2023,Switzerland,2
13 jul 2023,Argentina,84
13 jul 2023,Chile,1
13 jul 2023,China,1
13 jul 2023,Cuba,1
13 jul 2023,France,1
13 jul 2023,Paraguay,1
13 jul 2023,Spain,1
14 jul 2023,Bolivia,46
14 jul 2023,Argentina,37
14 jul 2023,France,12
14 jul 2023,Indonesia,3
14 jul 2023,United States,2
14 jul 2023,Brazil,1
14 jul 2023,Chile,1
14 jul 2023,Ireland,1
14 jul 2023,Peru,1
15 jul 2023,Guatemala,1
15 jul 2023,Ecuador,6
15 jul 2023,(not set),2
15 jul 2023,China,2
15 jul 2023,Argentina,10
15 jul 2023,Indonesia,1
16 jul 2023,Argentina,10
16 jul 2023,Uruguay,9
16 jul 2023,France,4
16 jul 2023,Indonesia,2
16 jul 2023,Ecuador,1
17 jul 2023,(not set),1
17 jul 2023,Argentina,62
17 jul 2023,Peru,6
17 jul 2023,Mexico,3
17 jul 2023,Paraguay,77
17 jul 2023,Brazil,1
17 jul 2023,China,1
17 jul 2023,Spain,1
17 jul 2023,United States,1
18 jul 2023,Argentina,101
18 jul 2023,Brazil,2
18 jul 2023,(not set),1
18 jul 2023,China,1
18 jul 2023,Ecuador,1
18 jul 2023,Honduras,1
18 jul 2023,Indonesia,1
18 jul 2023,Paraguay,1
18 jul 2023,Spain,1
19 jul 2023,Chile,1
19 jul 2023,Argentina,46
19 jul 2023,Paraguay,1
19 jul 2023,United States,1
20 jul 2023,Argentina,14
20 jul 2023,Ecuador,1
20 jul 2023,Mexico,1
20 jul 2023,Paraguay,1
21 jul 2023,Argentina,42
21 jul 2023,France,20
21 jul 2023,Spain,4
22 jul 2023,Argentina,55
22 jul 2023,Spain,8
22 jul 2023,Mexico,2
22 jul 2023,Peru,2
22 jul 2023,El Salvador,1
23 jul 2023,Argentina,40
23 jul 2023,Mexico,18
23 jul 2023,China,3
23 jul 2023,Brazil,1
23 jul 2023,Guatemala,1
24 jul 2023,Argentina,155
24 jul 2023,Paraguay,9
24 jul 2023,Brazil,6
24 jul 2023,Bolivia,1
24 jul 2023,Dominican Republic,1
24 jul 2023,Nicaragua,1
24 jul 2023,United States,1
25 jul 2023,Argentina,77
25 jul 2023,Paraguay,13
25 jul 2023,Brazil,1
26 jul 2023,Colombia,1
26 jul 2023,Paraguay,21
26 jul 2023,Brazil,15
26 jul 2023,Argentina,203
26 jul 2023,Puerto Rico,1
26 jul 2023,United States,0
27 jul 2023,Argentina,187
27 jul 2023,Bolivia,5
27 jul 2023,Cuba,4
27 jul 2023,Mexico,2
27 jul 2023,Peru,2
27 jul 2023,Chile,1
27 jul 2023,Dominican Republic,1
27 jul 2023,El Salvador,1
27 jul 2023,Indonesia,1
27 jul 2023,Ireland,0
27 jul 2023,Sweden,0
27 jul 2023,United States,0
28 jul 2023,Argentina,144
28 jul 2023,China,3
28 jul 2023,Israel,1
28 jul 2023,Ireland,0
28 jul 2023,United States,0
29 jul 2023,Argentina,86
29 jul 2023,Indonesia,1
29 jul 2023,Mexico,1
29 jul 2023,Spain,1
30 jul 2023,Argentina,29
30 jul 2023,China,1
30 jul 2023,Ireland,0
30 jul 2023,United States,0
31 jul 2023,Argentina,163
31 jul 2023,Spain,10
31 jul 2023,Uruguay,1
31 jul 2023,Venezuela,1
31 jul 2023,Sweden,0
31 jul 2023,United States,0
1 ago 2023,Argentina,204
1 ago 2023,Spain,3
1 ago 2023,Mexico,2
1 ago 2023,Netherlands,1
1 ago 2023,United States,1
1 ago 2023,Ireland,0
2 ago 2023,Argentina,304
2 ago 2023,China,3
2 ago 2023,Nicaragua,3
2 ago 2023,United States,3
2 ago 2023,Brazil,1
2 ago 2023,France,1
2 ago 2023,Honduras,1
2 ago 2023,Indonesia,1
2 ago 2023,Netherlands,1
2 ago 2023,Sweden,0
3 ago 2023,Switzerland,1
3 ago 2023,Bolivia,4
3 ago 2023,Mexico,3
3 ago 2023,China,2
3 ago 2023,Italy,1
3 ago 2023,Netherlands,1
3 ago 2023,Argentina,133
3 ago 2023,United States,1
3 ago 2023,Ireland,0
4 ago 2023,Argentina,67
4 ago 2023,Bolivia,5
4 ago 2023,Croatia,3
4 ago 2023,Ireland,2
4 ago 2023,Paraguay,1
4 ago 2023,United States,1
5 ago 2023,Argentina,56
5 ago 2023,Colombia,5
5 ago 2023,Peru,1
6 ago 2023,Argentina,75
6 ago 2023,China,2
6 ago 2023,Paraguay,2
6 ago 2023,United States,2
6 ago 2023,Peru,1
7 ago 2023,Switzerland,1
7 ago 2023,Indonesia,3
7 ago 2023,United States,3
7 ago 2023,Mexico,2
7 ago 2023,Brazil,1
7 ago 2023,Chile,1
7 ago 2023,China,1
7 ago 2023,Colombia,1
7 ago 2023,Puerto Rico,1
7 ago 2023,Argentina,163
7 ago 2023,Uruguay,1
8 ago 2023,Argentina,186
8 ago 2023,United States,2
8 ago 2023,China,1
8 ago 2023,Colombia,1
8 ago 2023,Mexico,1
8 ago 2023,Spain,1
8 ago 2023,Ireland,0
9 ago 2023,Colombia,4
9 ago 2023,Peru,13
9 ago 2023,Paraguay,11
9 ago 2023,Argentina,198
9 ago 2023,China,1
9 ago 2023,Mexico,1
9 ago 2023,Panama,1
9 ago 2023,United States,0
10 ago 2023,Argentina,156
10 ago 2023,Mexico,2
10 ago 2023,United States,2
10 ago 2023,Dominican Republic,1
10 ago 2023,Indonesia,1
10 ago 2023,Ireland,0
10 ago 2023,Sweden,0
11 ago 2023,Argentina,88
11 ago 2023,Paraguay,20
11 ago 2023,Bolivia,4
11 ago 2023,China,2
11 ago 2023,Brazil,1
11 ago 2023,Honduras,1
11 ago 2023,United States,1
11 ago 2023,Ireland,0
12 ago 2023,China,1
12 ago 2023,Peru,6
12 ago 2023,(not set),2
12 ago 2023,Argentina,76
13 ago 2023,Argentina,64
13 ago 2023,Bolivia,1
13 ago 2023,El Salvador,1
13 ago 2023,Indonesia,1
13 ago 2023,Peru,1
14 ago 2023,Argentina,91
14 ago 2023,Brazil,12
14 ago 2023,Spain,5
14 ago 2023,Mexico,4
14 ago 2023,China,3
14 ago 2023,Cuba,1
14 ago 2023,Ireland,0
14 ago 2023,Peru,0
15 ago 2023,Argentina,62
15 ago 2023,Paraguay,6
15 ago 2023,(not set),2
15 ago 2023,Mexico,1
16 ago 2023,Argentina,70
16 ago 2023,Mexico,7
16 ago 2023,Spain,7
16 ago 2023,Bolivia,3
16 ago 2023,China,2
16 ago 2023,Peru,2
17 ago 2023,Argentina,120
17 ago 2023,Colombia,1
17 ago 2023,Costa Rica,1
17 ago 2023,Mexico,1
17 ago 2023,Ireland,0
18 ago 2023,Argentina,106
18 ago 2023,Mexico,6
18 ago 2023,Peru,4
18 ago 2023,Guatemala,2
19 ago 2023,Argentina,45
19 ago 2023,Ecuador,5
19 ago 2023,Mexico,2
19 ago 2023,Colombia,1
19 ago 2023,Paraguay,1
19 ago 2023,Spain,1
19 ago 2023,Switzerland,1
20 ago 2023,Argentina,35
20 ago 2023,China,2
20 ago 2023,Germany,2
20 ago 2023,Peru,2
20 ago 2023,Brazil,1
20 ago 2023,Colombia,1
20 ago 2023,Greece,1
20 ago 2023,Honduras,1
20 ago 2023,Uruguay,1
20 ago 2023,United States,0
21 ago 2023,China,1
21 ago 2023,Ecuador,6
21 ago 2023,Mexico,3
21 ago 2023,Argentina,146
21 ago 2023,Germany,1
21 ago 2023,Paraguay,1
21 ago 2023,United States,1
21 ago 2023,Uruguay,1
22 ago 2023,Argentina,140
22 ago 2023,Chile,1
22 ago 2023,Guatemala,1
22 ago 2023,Mexico,1
23 ago 2023,Argentina,124
23 ago 2023,Colombia,1
23 ago 2023,Indonesia,1
23 ago 2023,Mexico,1
23 ago 2023,Peru,1
23 ago 2023,United States,1
23 ago 2023,Uruguay,0
24 ago 2023,Argentina,107
24 ago 2023,Mexico,6
24 ago 2023,Colombia,2
24 ago 2023,China,1
24 ago 2023,Paraguay,1
25 ago 2023,Türkiye,1
25 ago 2023,Mexico,7
25 ago 2023,China,3
25 ago 2023,United States,2
25 ago 2023,Ecuador,1
25 ago 2023,Argentina,77
26 ago 2023,Argentina,40
26 ago 2023,Brazil,6
26 ago 2023,Colombia,1
26 ago 2023,Mexico,1
27 ago 2023,Argentina,35
27 ago 2023,Spain,7
27 ago 2023,China,4
27 ago 2023,Germany,2
27 ago 2023,Chile,1
27 ago 2023,Mexico,1
27 ago 2023,Switzerland,1
28 ago 2023,Argentina,190
28 ago 2023,Paraguay,40
28 ago 2023,Brazil,6
28 ago 2023,Indonesia,4
28 ago 2023,Mexico,1
28 ago 2023,Peru,1
28 ago 2023,United States,1
29 ago 2023,Argentina,185
29 ago 2023,Peru,25
29 ago 2023,Paraguay,16
29 ago 2023,Mexico,4
29 ago 2023,United States,4
29 ago 2023,China,3
29 ago 2023,Austria,1
29 ago 2023,Brazil,1
29 ago 2023,Colombia,1
29 ago 2023,Finland,1
30 ago 2023,Ireland,0
30 ago 2023,Brazil,19
30 ago 2023,Mexico,3
30 ago 2023,Bolivia,1
30 ago 2023,Guatemala,1
30 ago 2023,Indonesia,1
30 ago 2023,Paraguay,1
30 ago 2023,Argentina,550
30 ago 2023,Peru,0
30 ago 2023,United States,0
31 ago 2023,China,2
31 ago 2023,Colombia,3
31 ago 2023,Mexico,3
31 ago 2023,United States,3
31 ago 2023,Argentina,332
31 ago 2023,Chile,1
1 sept 2023,Argentina,344
1 sept 2023,Mexico,2
1 sept 2023,United States,2
1 sept 2023,Brazil,1
1 sept 2023,China,1
1 sept 2023,Indonesia,1
1 sept 2023,Ireland,1
1 sept 2023,Nicaragua,1
1 sept 2023,Paraguay,1
1 sept 2023,Peru,1
1 sept 2023,Sweden,0
2 sept 2023,Colombia,1
2 sept 2023,Argentina,95
2 sept 2023,Chile,2
2 sept 2023,Mexico,2
2 sept 2023,Spain,114
2 sept 2023,Paraguay,1
2 sept 2023,Peru,1
2 sept 2023,Uruguay,1
3 sept 2023,Argentina,90
3 sept 2023,China,4
3 sept 2023,Paraguay,4
3 sept 2023,Mexico,2
3 sept 2023,Spain,1
4 sept 2023,Chile,2
4 sept 2023,France,9
4 sept 2023,Mexico,8
4 sept 2023,United States,3
4 sept 2023,Argentina,235
4 sept 2023,Spain,2
4 sept 2023,China,1
4 sept 2023,Dominican Republic,1
4 sept 2023,Guatemala,1
4 sept 2023,Hungary,1
5 sept 2023,Argentina,247
5 sept 2023,Mexico,10
5 sept 2023,Colombia,3
5 sept 2023,Greece,3
5 sept 2023,Peru,3
5 sept 2023,Chile,2
5 sept 2023,China,1
5 sept 2023,Finland,1
5 sept 2023,Uruguay,1
5 sept 2023,Ireland,0
5 sept 2023,United States,0
6 sept 2023,Mexico,7
6 sept 2023,Argentina,183
6 sept 2023,Uruguay,3
6 sept 2023,Hungary,2
6 sept 2023,Austria,1
6 sept 2023,China,1
6 sept 2023,Ecuador,1
6 sept 2023,Indonesia,1
6 sept 2023,Ireland,0
7 sept 2023,Argentina,129
7 sept 2023,Paraguay,7
7 sept 2023,Mexico,4
7 sept 2023,China,3
7 sept 2023,United States,3
7 sept 2023,Dominican Republic,1
7 sept 2023,Indonesia,1
7 sept 2023,Uruguay,1
7 sept 2023,Sweden,0
8 sept 2023,Argentina,241
8 sept 2023,France,7
8 sept 2023,Cuba,1
8 sept 2023,Mexico,1
8 sept 2023,Peru,1
8 sept 2023,Spain,1
8 sept 2023,United States,0
9 sept 2023,Argentina,60
9 sept 2023,China,3
9 sept 2023,Peru,2
9 sept 2023,Guatemala,1
9 sept 2023,Mexico,1
9 sept 2023,Paraguay,1
9 sept 2023,United States,1
10 sept 2023,Argentina,100
10 sept 2023,Mexico,11
10 sept 2023,Peru,2
10 sept 2023,Canada,1
10 sept 2023,Colombia,1
10 sept 2023,Ecuador,1
10 sept 2023,Spain,1
10 sept 2023,United States,1
11 sept 2023,Argentina,107
11 sept 2023,Bolivia,9
11 sept 2023,Mexico,2
11 sept 2023,Cuba,1
11 sept 2023,Paraguay,1
11 sept 2023,United States,1
11 sept 2023,Ireland,0
12 sept 2023,Argentina,110
12 sept 2023,Mexico,4
12 sept 2023,United States,3
12 sept 2023,Bolivia,2
12 sept 2023,China,2
12 sept 2023,Chile,1
12 sept 2023,Colombia,1
12 sept 2023,Paraguay,1
12 sept 2023,Puerto Rico,1
13 sept 2023,Argentina,155
13 sept 2023,United States,7
13 sept 2023,Peru,2
13 sept 2023,Ecuador,1
13 sept 2023,Indonesia,1
13 sept 2023,Mexico,1
13 sept 2023,Paraguay,1
14 sept 2023,Sweden,0
14 sept 2023,China,3
14 sept 2023,(not set),2
14 sept 2023,Colombia,1
14 sept 2023,Indonesia,1
14 sept 2023,Mexico,1
14 sept 2023,Paraguay,1
14 sept 2023,Peru,1
14 sept 2023,Venezuela,1
14 sept 2023,Argentina,122
15 sept 2023,Argentina,91
15 sept 2023,Bolivia,9
15 sept 2023,Peru,5
15 sept 2023,Mexico,3
15 sept 2023,(not set),1
15 sept 2023,Colombia,1
15 sept 2023,Paraguay,1
15 sept 2023,Spain,1
16 sept 2023,Argentina,83
16 sept 2023,France,5
16 sept 2023,China,3
16 sept 2023,(not set),2
16 sept 2023,United States,1
17 sept 2023,Argentina,66
17 sept 2023,(not set),2
17 sept 2023,Peru,2
17 sept 2023,Brazil,1
17 sept 2023,Colombia,1
17 sept 2023,Panama,1
18 sept 2023,Argentina,112
18 sept 2023,Mexico,2
18 sept 2023,Venezuela,2
18 sept 2023,(not set),1
18 sept 2023,Chile,1
18 sept 2023,Colombia,1
18 sept 2023,Paraguay,1
19 sept 2023,Argentina,103
19 sept 2023,(not set),1
19 sept 2023,Bolivia,1
19 sept 2023,Chile,1
19 sept 2023,Mexico,1
19 sept 2023,Peru,1
20 sept 2023,Argentina,211
20 sept 2023,Peru,5
20 sept 2023,China,3
20 sept 2023,Mexico,3
20 sept 2023,Chile,1
21 sept 2023,Argentina,95
21 sept 2023,Paraguay,18
21 sept 2023,Bolivia,9
21 sept 2023,Colombia,2
21 sept 2023,Ecuador,2
21 sept 2023,Mexico,2
21 sept 2023,Peru,2
22 sept 2023,Argentina,224
22 sept 2023,Uruguay,6
22 sept 2023,Mexico,4
22 sept 2023,China,2
22 sept 2023,Bolivia,1
22 sept 2023,Brazil,1
22 sept 2023,Peru,1
22 sept 2023,United States,1
23 sept 2023,Argentina,77
23 sept 2023,China,1
23 sept 2023,Colombia,1
23 sept 2023,Mexico,1
24 sept 2023,Argentina,72
24 sept 2023,Mexico,3
24 sept 2023,Peru,2
24 sept 2023,Brazil,1
24 sept 2023,China,1
24 sept 2023,Ecuador,1
24 sept 2023,Venezuela,1
25 sept 2023,Argentina,130
25 sept 2023,Brazil,13
25 sept 2023,Peru,5
25 sept 2023,France,3
25 sept 2023,Bolivia,1
25 sept 2023,Ireland,1
25 sept 2023,Panama,1
26 sept 2023,Argentina,155
26 sept 2023,Mexico,6
26 sept 2023,Colombia,1
26 sept 2023,Costa Rica,1
26 sept 2023,France,1
26 sept 2023,Netherlands,1
26 sept 2023,United States,1
27 sept 2023,Argentina,119
27 sept 2023,China,2
27 sept 2023,Peru,2
27 sept 2023,Brazil,1
27 sept 2023,Spain,1
27 sept 2023,United States,1
28 sept 2023,Argentina,138
28 sept 2023,Indonesia,2
28 sept 2023,Bolivia,1
28 sept 2023,Chile,1
28 sept 2023,Colombia,1
28 sept 2023,Mexico,1
28 sept 2023,Thailand,1
28 sept 2023,United States,1
29 sept 2023,Argentina,203
29 sept 2023,China,3
29 sept 2023,Bolivia,1
29 sept 2023,Ecuador,1
29 sept 2023,Mexico,1
29 sept 2023,Thailand,1
29 sept 2023,Ireland,0
29 sept 2023,United States,0
30 sept 2023,Argentina,27
30 sept 2023,Colombia,3
30 sept 2023,Mexico,3
30 sept 2023,China,2
30 sept 2023,Spain,2
30 sept 2023,Dominican Republic,1
1 oct 2023,Argentina,42
1 oct 2023,Indonesia,6
1 oct 2023,Mexico,3
1 oct 2023,China,1
1 oct 2023,Ecuador,1
2 oct 2023,Argentina,64
2 oct 2023,Mexico,9
2 oct 2023,Paraguay,4
2 oct 2023,Brazil,2
2 oct 2023,France,2
2 oct 2023,Colombia,1
2 oct 2023,Peru,1
3 oct 2023,Argentina,88
3 oct 2023,Brazil,3
3 oct 2023,Peru,3
3 oct 2023,China,2
3 oct 2023,Mexico,2
3 oct 2023,Ecuador,1
3 oct 2023,Guatemala,1
3 oct 2023,Indonesia,1
3 oct 2023,United States,1
4 oct 2023,Argentina,137
4 oct 2023,Bolivia,2
4 oct 2023,Colombia,2
4 oct 2023,Ireland,1
4 oct 2023,Mexico,1
5 oct 2023,Argentina,147
5 oct 2023,Indonesia,6
5 oct 2023,Paraguay,5
5 oct 2023,Peru,3
5 oct 2023,Germany,2
5 oct 2023,Mexico,2
5 oct 2023,Ireland,1
5 oct 2023,United States,1
6 oct 2023,Argentina,73
6 oct 2023,China,3
6 oct 2023,Mexico,2
6 oct 2023,Chile,1
6 oct 2023,Ecuador,1
6 oct 2023,Germany,1
6 oct 2023,Ireland,1
7 oct 2023,Argentina,120
7 oct 2023,Mexico,4
7 oct 2023,Indonesia,2
7 oct 2023,Puerto Rico,2
7 oct 2023,Chile,1
7 oct 2023,United States,1
8 oct 2023,Argentina,82
8 oct 2023,Bolivia,1
8 oct 2023,Chile,1
8 oct 2023,China,1
8 oct 2023,Mexico,1
8 oct 2023,Peru,1
8 oct 2023,Spain,1
9 oct 2023,Argentina,88
9 oct 2023,Chile,4
9 oct 2023,Uruguay,4
9 oct 2023,Peru,3
9 oct 2023,Paraguay,2
9 oct 2023,Spain,2
9 oct 2023,China,1
9 oct 2023,Colombia,1
9 oct 2023,Ecuador,1
9 oct 2023,France,1
9 oct 2023,Honduras,1
9 oct 2023,Mexico,1
9 oct 2023,United States,0
10 oct 2023,Argentina,169
10 oct 2023,China,3
10 oct 2023,Chile,1
10 oct 2023,Guatemala,1
10 oct 2023,Paraguay,1
10 oct 2023,Peru,0
10 oct 2023,United States,0
11 oct 2023,Argentina,135
11 oct 2023,Brazil,3
11 oct 2023,Paraguay,3
11 oct 2023,Peru,2
11 oct 2023,United States,2
11 oct 2023,Bolivia,1
11 oct 2023,Ecuador,1
11 oct 2023,Mexico,1
11 oct 2023,Uruguay,1
12 oct 2023,Argentina,92
12 oct 2023,China,3
12 oct 2023,Brazil,2
12 oct 2023,Colombia,2
12 oct 2023,Mexico,2
12 oct 2023,Dominican Republic,1
12 oct 2023,Paraguay,1
12 oct 2023,Peru,1
13 oct 2023,Argentina,44
13 oct 2023,Ecuador,11
13 oct 2023,Peru,8
13 oct 2023,Indonesia,2
14 oct 2023,Argentina,44
14 oct 2023,Venezuela,3
14 oct 2023,Italy,1
14 oct 2023,Mexico,1
14 oct 2023,Panama,1
14 oct 2023,Spain,1
15 oct 2023,Argentina,21
15 oct 2023,China,3
15 oct 2023,Colombia,3
15 oct 2023,Paraguay,2
15 oct 2023,United States,2
15 oct 2023,Indonesia,1
15 oct 2023,Panama,1
15 oct 2023,Uruguay,1
15 oct 2023,Venezuela,1
16 oct 2023,Argentina,273
16 oct 2023,Mexico,3
16 oct 2023,Peru,3
16 oct 2023,Ecuador,2
16 oct 2023,Brazil,1
16 oct 2023,Netherlands,1
16 oct 2023,United States,1
17 oct 2023,Argentina,332
17 oct 2023,China,4
17 oct 2023,Mexico,3
17 oct 2023,Chile,1
17 oct 2023,Spain,1
17 oct 2023,United States,1
18 oct 2023,Argentina,116
18 oct 2023,Uruguay,9
18 oct 2023,Peru,5
18 oct 2023,Mexico,2
18 oct 2023,Paraguay,2
18 oct 2023,Brazil,1
18 oct 2023,Chile,1
18 oct 2023,Ecuador,1
18 oct 2023,Hungary,1
18 oct 2023,United States,1
18 oct 2023,Venezuela,1
19 oct 2023,Argentina,146
19 oct 2023,Uruguay,18
19 oct 2023,China,3
19 oct 2023,Mexico,3
19 oct 2023,Brazil,1
19 oct 2023,Switzerland,1
19 oct 2023,United States,1
19 oct 2023,Ireland,0
20 oct 2023,Argentina,92
20 oct 2023,Mexico,9
20 oct 2023,Uruguay,3
20 oct 2023,Bolivia,1
20 oct 2023,Chile,1
20 oct 2023,China,1
20 oct 2023,Paraguay,1
20 oct 2023,Peru,1
20 oct 2023,Spain,1
21 oct 2023,Argentina,36
21 oct 2023,Mexico,3
21 oct 2023,Bolivia,1
21 oct 2023,Indonesia,1
21 oct 2023,Spain,1
21 oct 2023,Uruguay,1
22 oct 2023,Argentina,27
22 oct 2023,China,3
22 oct 2023,Mexico,3
22 oct 2023,Brazil,1
22 oct 2023,Chile,1
22 oct 2023,United States,1
23 oct 2023,Argentina,178
23 oct 2023,Mexico,3
23 oct 2023,Ecuador,2
23 oct 2023,Colombia,1
24 oct 2023,Argentina,145
24 oct 2023,China,2
24 oct 2023,Colombia,2
24 oct 2023,Mexico,2
24 oct 2023,Chile,1
24 oct 2023,Ecuador,1
24 oct 2023,Peru,1
25 oct 2023,Argentina,320
25 oct 2023,Mexico,2
25 oct 2023,Chile,1
25 oct 2023,Honduras,1
25 oct 2023,Paraguay,1
25 oct 2023,Switzerland,1
25 oct 2023,United States,1
25 oct 2023,Uruguay,1
26 oct 2023,Argentina,76
26 oct 2023,France,11
26 oct 2023,Italy,4
26 oct 2023,China,3
26 oct 2023,Colombia,3
26 oct 2023,Ecuador,2
26 oct 2023,El Salvador,1
26 oct 2023,Paraguay,1
26 oct 2023,Peru,1
26 oct 2023,United States,1
27 oct 2023,Argentina,141
27 oct 2023,Mexico,11
27 oct 2023,Peru,5
27 oct 2023,United States,2
27 oct 2023,Brazil,1
28 oct 2023,Argentina,77
28 oct 2023,Brazil,3
28 oct 2023,Morocco,3
28 oct 2023,Colombia,1
28 oct 2023,Costa Rica,1
28 oct 2023,Mexico,1
28 oct 2023,Nicaragua,1
28 oct 2023,United States,1
29 oct 2023,Argentina,66
29 oct 2023,China,3
29 oct 2023,Brazil,2
29 oct 2023,Peru,2
29 oct 2023,Uruguay,2
29 oct 2023,Mexico,1
29 oct 2023,Spain,1
29 oct 2023,United States,1
30 oct 2023,Argentina,126
30 oct 2023,Mexico,12
30 oct 2023,Uruguay,7
30 oct 2023,India,2
30 oct 2023,Paraguay,2
30 oct 2023,Brazil,1
30 oct 2023,China,1
30 oct 2023,Czechia,1
30 oct 2023,Dominican Republic,1
30 oct 2023,Italy,1
30 oct 2023,Switzerland,1
30 oct 2023,United Kingdom,1
31 oct 2023,Argentina,128
31 oct 2023,Brazil,3
31 oct 2023,Spain,3
31 oct 2023,Ireland,1
31 oct 2023,Peru,1
1 nov 2023,Argentina,120
1 nov 2023,Brazil,1
1 nov 2023,United States,1
2 nov 2023,Argentina,182
2 nov 2023,Peru,15
2 nov 2023,Mexico,4
2 nov 2023,China,3
2 nov 2023,Paraguay,3
2 nov 2023,Ecuador,1
2 nov 2023,Uruguay,1
2 nov 2023,United States,0
3 nov 2023,Argentina,126
3 nov 2023,Bolivia,1
3 nov 2023,Colombia,1
3 nov 2023,Ecuador,1
3 nov 2023,Peru,1
3 nov 2023,Poland,1
3 nov 2023,Spain,1
3 nov 2023,Uruguay,1
3 nov 2023,United States,0
4 nov 2023,Argentina,37
4 nov 2023,China,4
4 nov 2023,Mexico,3
4 nov 2023,Costa Rica,2
4 nov 2023,Ecuador,2
4 nov 2023,Sweden,0
5 nov 2023,Argentina,34
5 nov 2023,Czechia,1
5 nov 2023,Ecuador,1
5 nov 2023,El Salvador,1
5 nov 2023,Mexico,1
5 nov 2023,Spain,1
5 nov 2023,Venezuela,1
5 nov 2023,United States,0
6 nov 2023,Argentina,184
6 nov 2023,Peru,2
6 nov 2023,Colombia,1
6 nov 2023,Guatemala,1
6 nov 2023,Indonesia,1
6 nov 2023,Spain,1
6 nov 2023,United States,0
7 nov 2023,Argentina,243
7 nov 2023,Paraguay,11
7 nov 2023,Indonesia,7
7 nov 2023,Venezuela,6
7 nov 2023,Mexico,4
7 nov 2023,Chile,1
7 nov 2023,Ecuador,1
7 nov 2023,Peru,1
7 nov 2023,United States,0
8 nov 2023,Argentina,145
8 nov 2023,Mexico,8
8 nov 2023,Colombia,2
8 nov 2023,China,1
8 nov 2023,Peru,1
8 nov 2023,United States,1
9 nov 2023,Argentina,324
9 nov 2023,Brazil,2
9 nov 2023,Mexico,2
9 nov 2023,Peru,2
9 nov 2023,United States,1
10 nov 2023,Argentina,93
10 nov 2023,Mexico,17
10 nov 2023,Colombia,2
10 nov 2023,United States,2
10 nov 2023,China,1
10 nov 2023,Ecuador,1
10 nov 2023,Nicaragua,1
10 nov 2023,Puerto Rico,1
11 nov 2023,Argentina,71
11 nov 2023,Peru,3
11 nov 2023,United States,2
11 nov 2023,Brazil,1
11 nov 2023,Guatemala,1
12 nov 2023,Argentina,78
12 nov 2023,Mexico,6
12 nov 2023,Uruguay,5
12 nov 2023,China,1
12 nov 2023,Peru,1
12 nov 2023,Venezuela,1
13 nov 2023,Argentina,123
13 nov 2023,Brazil,1
13 nov 2023,China,1
13 nov 2023,Colombia,1
13 nov 2023,Ecuador,1
13 nov 2023,Nicaragua,1
13 nov 2023,Ukraine,1
13 nov 2023,Ireland,0
13 nov 2023,United States,0
14 nov 2023,Argentina,160
14 nov 2023,Mexico,4
14 nov 2023,Brazil,1
14 nov 2023,Colombia,1
14 nov 2023,Ecuador,1
14 nov 2023,Poland,1
14 nov 2023,Spain,1
14 nov 2023,Sweden,1
14 nov 2023,Ukraine,1
14 nov 2023,Ireland,0
15 nov 2023,Argentina,119
15 nov 2023,China,2
15 nov 2023,Colombia,2
15 nov 2023,Norway,2
15 nov 2023,Chile,1
15 nov 2023,Dominican Republic,1
15 nov 2023,Guatemala,1
15 nov 2023,Mexico,1
15 nov 2023,Nicaragua,1
15 nov 2023,Ireland,0
15 nov 2023,United States,0
16 nov 2023,Argentina,91
16 nov 2023,Mexico,3
16 nov 2023,United States,2
16 nov 2023,Brazil,1
16 nov 2023,Indonesia,1
16 nov 2023,Paraguay,1
16 nov 2023,Spain,1
16 nov 2023,Ireland,0
17 nov 2023,Peru,2
17 nov 2023,China,3
17 nov 2023,Honduras,3
17 nov 2023,Mexico,3
17 nov 2023,Bolivia,2
17 nov 2023,Brazil,2
17 nov 2023,Argentina,105
17 nov 2023,Ecuador,1
17 nov 2023,Indonesia,1
17 nov 2023,Sweden,0
17 nov 2023,United States,0
18 nov 2023,Argentina,68
18 nov 2023,Colombia,5
18 nov 2023,Ecuador,2
18 nov 2023,Brazil,1
18 nov 2023,Mexico,1
18 nov 2023,Peru,1
18 nov 2023,Spain,1
18 nov 2023,Ireland,0
18 nov 2023,Sweden,0
18 nov 2023,United States,0
19 nov 2023,Brazil,1
19 nov 2023,Paraguay,9
19 nov 2023,Mexico,2
19 nov 2023,Argentina,76
19 nov 2023,China,1
19 nov 2023,United States,1
20 nov 2023,Colombia,1
20 nov 2023,Brazil,5
20 nov 2023,Mexico,5
20 nov 2023,China,2
20 nov 2023,France,2
20 nov 2023,Paraguay,2
20 nov 2023,Peru,2
20 nov 2023,Argentina,120
20 nov 2023,Uruguay,1
20 nov 2023,Ireland,0
20 nov 2023,Sweden,0
21 nov 2023,Argentina,147
21 nov 2023,Ecuador,7
21 nov 2023,Peru,5
21 nov 2023,Mexico,4
21 nov 2023,Indonesia,3
21 nov 2023,Brazil,2
21 nov 2023,Sweden,1
21 nov 2023,United States,1
21 nov 2023,Uruguay,1
22 nov 2023,Ecuador,1
22 nov 2023,China,4
22 nov 2023,Mexico,2
22 nov 2023,Paraguay,2
22 nov 2023,Bolivia,1
22 nov 2023,Brazil,1
22 nov 2023,Chile,1
22 nov 2023,Argentina,145
22 nov 2023,Indonesia,1
22 nov 2023,United States,0
23 nov 2023,Germany,1
23 nov 2023,Brazil,9
23 nov 2023,Mexico,2
23 nov 2023,China,1
23 nov 2023,Ecuador,1
23 nov 2023,Argentina,159
23 nov 2023,Venezuela,1
23 nov 2023,United States,0
24 nov 2023,Argentina,124
24 nov 2023,Chile,4
24 nov 2023,China,4
24 nov 2023,Mexico,3
24 nov 2023,Peru,3
24 nov 2023,Colombia,1
24 nov 2023,Indonesia,1
24 nov 2023,Ireland,1
24 nov 2023,Philippines,1
24 nov 2023,United States,1
24 nov 2023,Brazil,0
25 nov 2023,Ecuador,2
25 nov 2023,Chile,2
25 nov 2023,Argentina,55
25 nov 2023,Colombia,1
25 nov 2023,Mexico,1
25 nov 2023,Venezuela,1
26 nov 2023,Argentina,83
26 nov 2023,Chile,4
26 nov 2023,Peru,2
26 nov 2023,United States,2
26 nov 2023,Nicaragua,1
26 nov 2023,Ireland,0
27 nov 2023,Mexico,2
27 nov 2023,Brazil,4
27 nov 2023,Ecuador,3
27 nov 2023,Indonesia,2
27 nov 2023,Argentina,87
27 nov 2023,United States,2
27 nov 2023,Chile,1
27 nov 2023,Peru,1
27 nov 2023,Venezuela,1
28 nov 2023,Argentina,172
28 nov 2023,China,4
28 nov 2023,Mexico,4
28 nov 2023,United States,4
28 nov 2023,Brazil,2
28 nov 2023,Chile,2
28 nov 2023,Peru,1
28 nov 2023,Poland,1
28 nov 2023,Spain,1
28 nov 2023,Uruguay,1
28 nov 2023,Ireland,0
29 nov 2023,United States,0
29 nov 2023,Chile,3
29 nov 2023,Brazil,2
29 nov 2023,Ecuador,2
29 nov 2023,Costa Rica,1
29 nov 2023,Indonesia,1
29 nov 2023,Italy,1
29 nov 2023,Mexico,1
29 nov 2023,Spain,1
29 nov 2023,Uruguay,1
29 nov 2023,Argentina,153
30 nov 2023,Argentina,85
30 nov 2023,Brazil,16
30 nov 2023,Mexico,2
30 nov 2023,United States,2
30 nov 2023,Angola,1
30 nov 2023,Sweden,1
30 nov 2023,Ireland,0
1 dic 2023,Argentina,43
1 dic 2023,China,3
1 dic 2023,Peru,3
1 dic 2023,Brazil,1
1 dic 2023,Uruguay,1
2 dic 2023,Argentina,39
2 dic 2023,Mexico,2
2 dic 2023,Bolivia,1
2 dic 2023,China,1
2 dic 2023,Italy,1
2 dic 2023,Poland,1
2 dic 2023,Spain,1
3 dic 2023,Argentina,24
3 dic 2023,China,2
3 dic 2023,Mexico,2
3 dic 2023,Peru,2
3 dic 2023,Ecuador,1
3 dic 2023,Spain,1
3 dic 2023,United States,1
4 dic 2023,Argentina,54
4 dic 2023,Ecuador,4
4 dic 2023,Brazil,2
4 dic 2023,Chile,2
4 dic 2023,Mexico,2
4 dic 2023,Bolivia,1
4 dic 2023,China,1
4 dic 2023,Indonesia,1
4 dic 2023,Uruguay,1
5 dic 2023,Argentina,164
5 dic 2023,China,4
5 dic 2023,Mexico,3
5 dic 2023,Paraguay,3
5 dic 2023,Brazil,1
5 dic 2023,Ireland,0
5 dic 2023,Sweden,0
5 dic 2023,United States,0
6 dic 2023,Argentina,114
6 dic 2023,Costa Rica,6
6 dic 2023,Mexico,5
6 dic 2023,Ecuador,2
6 dic 2023,Venezuela,2
6 dic 2023,Brazil,1
6 dic 2023,Dominican Republic,1
6 dic 2023,Singapore,1
6 dic 2023,Ireland,0
6 dic 2023,United States,0
7 dic 2023,Argentina,127
7 dic 2023,China,3
7 dic 2023,Ecuador,2
7 dic 2023,Bolivia,1
7 dic 2023,Brazil,1
7 dic 2023,Germany,1
7 dic 2023,Mexico,1
7 dic 2023,Paraguay,1
7 dic 2023,Venezuela,1
7 dic 2023,Ireland,0
8 dic 2023,Argentina,53
8 dic 2023,Indonesia,3
8 dic 2023,Mexico,2
8 dic 2023,Dominican Republic,1
8 dic 2023,Ecuador,1
8 dic 2023,El Salvador,1
8 dic 2023,Peru,1
8 dic 2023,United States,0
9 dic 2023,Argentina,36
9 dic 2023,China,2
9 dic 2023,United States,2
9 dic 2023,Ecuador,1
9 dic 2023,El Salvador,1
9 dic 2023,Mexico,1
9 dic 2023,Paraguay,1
9 dic 2023,Spain,1
9 dic 2023,Ireland,0
10 dic 2023,Argentina,30
10 dic 2023,Paraguay,2
10 dic 2023,Brazil,1
10 dic 2023,Chile,1
10 dic 2023,China,1
10 dic 2023,Mexico,1
10 dic 2023,Nicaragua,1
10 dic 2023,Venezuela,1
11 dic 2023,Argentina,254
11 dic 2023,United States,5
11 dic 2023,Ecuador,3
11 dic 2023,Ireland,2
11 dic 2023,Brazil,1
11 dic 2023,China,1
11 dic 2023,Mexico,1
11 dic 2023,Paraguay,1
11 dic 2023,Peru,1
11 dic 2023,Poland,1
12 dic 2023,Argentina,122
12 dic 2023,China,3
12 dic 2023,Canada,1
12 dic 2023,Mexico,1
12 dic 2023,Peru,1
12 dic 2023,United States,0
13 dic 2023,Argentina,83
13 dic 2023,Brazil,2
13 dic 2023,Uruguay,1
13 dic 2023,United States,0
14 dic 2023,Argentina,39
14 dic 2023,Ecuador,15
14 dic 2023,Brazil,5
14 dic 2023,Mexico,3
14 dic 2023,Indonesia,1
14 dic 2023,Paraguay,1
14 dic 2023,Spain,1
14 dic 2023,Uruguay,1
14 dic 2023,United States,0
15 dic 2023,Chile,3
15 dic 2023,Brazil,3
15 dic 2023,Argentina,126
15 dic 2023,Mexico,1
15 dic 2023,Panama,1
15 dic 2023,Venezuela,1
15 dic 2023,Sweden,0
16 dic 2023,Argentina,18
16 dic 2023,Mexico,1
16 dic 2023,United States,0
17 dic 2023,Argentina,29
17 dic 2023,Ecuador,25
17 dic 2023,France,3
17 dic 2023,Ireland,0
18 dic 2023,Argentina,230
18 dic 2023,Ecuador,9
18 dic 2023,China,2
18 dic 2023,Mexico,1
18 dic 2023,United States,1
18 dic 2023,Uruguay,1
18 dic 2023,Sweden,0
19 dic 2023,Argentina,509
19 dic 2023,Brazil,2
19 dic 2023,Dominican Republic,1
19 dic 2023,Spain,1
20 dic 2023,Argentina,573
20 dic 2023,Bolivia,3
20 dic 2023,China,3
20 dic 2023,Mexico,3
20 dic 2023,Spain,2
20 dic 2023,Guatemala,1
20 dic 2023,Honduras,1
20 dic 2023,Peru,1
20 dic 2023,United States,1
21 dic 2023,Argentina,225
21 dic 2023,Mexico,3
21 dic 2023,United States,2
21 dic 2023,Ecuador,1
21 dic 2023,France,1
21 dic 2023,Germany,1
21 dic 2023,Panama,1
21 dic 2023,South Korea,1
22 dic 2023,Argentina,303
22 dic 2023,China,4
22 dic 2023,Peru,3
22 dic 2023,Mexico,1
22 dic 2023,Sweden,0
23 dic 2023,Argentina,36
23 dic 2023,Mexico,2
23 dic 2023,Brazil,1
23 dic 2023,Peru,1
23 dic 2023,Ireland,0
24 dic 2023,Argentina,14
24 dic 2023,Peru,6
24 dic 2023,Switzerland,1
25 dic 2023,Argentina,18
25 dic 2023,China,3
25 dic 2023,Ireland,1
25 dic 2023,Sweden,0
26 dic 2023,Argentina,57
26 dic 2023,Colombia,2
26 dic 2023,Peru,1
26 dic 2023,United States,1
27 dic 2023,Argentina,36
27 dic 2023,China,2
27 dic 2023,Spain,2
27 dic 2023,Chile,1
27 dic 2023,Ecuador,1
27 dic 2023,Panama,1
27 dic 2023,Peru,1
28 dic 2023,Argentina,38
28 dic 2023,United States,5
28 dic 2023,Paraguay,3
28 dic 2023,Peru,2
28 dic 2023,Brazil,1
28 dic 2023,China,1
29 dic 2023,Argentina,30
29 dic 2023,Chile,1
29 dic 2023,Ecuador,1
29 dic 2023,Indonesia,1
29 dic 2023,Mexico,1
29 dic 2023,United States,0
30 dic 2023,Argentina,29
30 dic 2023,Spain,4
30 dic 2023,Uruguay,3
30 dic 2023,Chile,1
31 dic 2023,Argentina,36
31 dic 2023,Indonesia,1
31 dic 2023,Spain,1
1 ene 2024,Argentina,27
1 ene 2024,Mexico,2
1 ene 2024,Peru,1
1 ene 2024,Spain,1
2 ene 2024,Argentina,68
2 ene 2024,Germany,3
2 ene 2024,Bolivia,1
2 ene 2024,Chile,1
2 ene 2024,Ireland,0
3 ene 2024,Argentina,52
3 ene 2024,Chile,5
3 ene 2024,Mexico,4
3 ene 2024,Ecuador,2
3 ene 2024,Peru,1
4 ene 2024,Argentina,28
4 ene 2024,Brazil,7
4 ene 2024,Austria,3
4 ene 2024,Spain,3
4 ene 2024,Mexico,2
4 ene 2024,United States,2
4 ene 2024,Colombia,1
4 ene 2024,Germany,1
4 ene 2024,Peru,1
5 ene 2024,Argentina,12
5 ene 2024,Mexico,7
5 ene 2024,China,3
5 ene 2024,United States,3
5 ene 2024,Peru,2
5 ene 2024,Netherlands,1
5 ene 2024,Paraguay,1
5 ene 2024,Uruguay,1
6 ene 2024,Argentina,19
6 ene 2024,Mexico,7
6 ene 2024,Spain,1
7 ene 2024,Argentina,11
7 ene 2024,China,1
7 ene 2024,Cuba,1
7 ene 2024,Mexico,1
7 ene 2024,Paraguay,1
7 ene 2024,Spain,1
7 ene 2024,United Kingdom,1
7 ene 2024,Venezuela,1
8 ene 2024,Argentina,68
8 ene 2024,Ecuador,30
8 ene 2024,Brazil,7
8 ene 2024,Peru,3
8 ene 2024,China,1
8 ene 2024,Germany,1
8 ene 2024,United States,1
9 ene 2024,Argentina,52
9 ene 2024,China,2
9 ene 2024,Peru,2
9 ene 2024,Brazil,1
9 ene 2024,France,1
9 ene 2024,Germany,1
9 ene 2024,Spain,1
9 ene 2024,Uruguay,1
10 ene 2024,Argentina,72
10 ene 2024,Venezuela,19
10 ene 2024,Bolivia,2
10 ene 2024,China,2
10 ene 2024,Ecuador,2
10 ene 2024,Brazil,1
10 ene 2024,Cuba,1
10 ene 2024,Mexico,1
10 ene 2024,Peru,1
10 ene 2024,United States,1
11 ene 2024,Argentina,59
11 ene 2024,Switzerland,2
11 ene 2024,Colombia,1
11 ene 2024,Spain,1
12 ene 2024,Argentina,45
12 ene 2024,Mexico,13
12 ene 2024,China,2
12 ene 2024,Colombia,1
12 ene 2024,Cuba,1
12 ene 2024,Ecuador,1
12 ene 2024,Peru,1
12 ene 2024,Spain,1
13 ene 2024,Mexico,47
13 ene 2024,Argentina,14
13 ene 2024,Bolivia,1
13 ene 2024,Ecuador,1
13 ene 2024,Peru,1
14 ene 2024,Argentina,5
14 ene 2024,Brazil,1
14 ene 2024,Mexico,1
14 ene 2024,Switzerland,1
15 ene 2024,Argentina,56
15 ene 2024,Costa Rica,1
15 ene 2024,Ecuador,1
15 ene 2024,Equatorial Guinea,1
15 ene 2024,Peru,1
15 ene 2024,Spain,1
16 ene 2024,Argentina,23
16 ene 2024,Ecuador,6
16 ene 2024,Spain,5
16 ene 2024,Paraguay,2
16 ene 2024,China,1
16 ene 2024,Dominican Republic,1
16 ene 2024,France,1
16 ene 2024,Mexico,1
17 ene 2024,Argentina,23
17 ene 2024,Marshall Islands,3
17 ene 2024,Mexico,2
17 ene 2024,Costa Rica,1
17 ene 2024,Panama,1
17 ene 2024,Paraguay,1
17 ene 2024,Uruguay,1
18 ene 2024,Argentina,58
18 ene 2024,France,5
18 ene 2024,Switzerland,5
18 ene 2024,Peru,2
18 ene 2024,Chile,1
18 ene 2024,Mexico,1
18 ene 2024,Venezuela,1
19 ene 2024,Argentina,74
19 ene 2024,Mexico,4
19 ene 2024,China,2
19 ene 2024,Dominican Republic,1
19 ene 2024,Peru,1
20 ene 2024,Argentina,15
20 ene 2024,China,2
20 ene 2024,Chile,1
20 ene 2024,Indonesia,1
21 ene 2024,Argentina,44
21 ene 2024,Mexico,2
21 ene 2024,Ecuador,1
21 ene 2024,Peru,1
22 ene 2024,Guatemala,104
22 ene 2024,Argentina,31
22 ene 2024,Mexico,3
22 ene 2024,Colombia,1
22 ene 2024,Uruguay,1
23 ene 2024,Argentina,36
23 ene 2024,China,4
23 ene 2024,Mexico,4
23 ene 2024,United States,4
23 ene 2024,Paraguay,2
23 ene 2024,France,1
23 ene 2024,Hungary,1
23 ene 2024,Peru,1
23 ene 2024,Puerto Rico,1
23 ene 2024,Sweden,1
24 ene 2024,Argentina,46
24 ene 2024,Indonesia,3
24 ene 2024,Chile,1
24 ene 2024,Dominican Republic,1
24 ene 2024,Mexico,1
24 ene 2024,Spain,1